Usuario,Nombre,Apellido1,Apellido2,Nacionalidad,Foto,Clave
dpurver0,Dur,Palfree,Purver,1976/09/23,Argentina,"data:image/png;base64,iVBORw0KGgoAAAANSUhEUgAAABAAAAAQCAYAAAAf8/9hAAAABGdBTUEAAK/INwWK6QAAABl0RVh0U29mdHdhcmUAQWRvYmUgSW1hZ2VSZWFkeXHJZTwAAAMxSURBVDjLTZNdaBxlFIafmd3tTmYnJU26TYgNbZoQ7GIMBH9iNQj1QimIFCL+EVEQQa+VXBQKBfVGIlL0QtDeBFEwFSlN0EaqgkaQ2tYG89OYxiaN2d1ssplNZmfONzv7ebEx9sC5fB/e874cQ2uNN26YwGngJCBAf+qEFu4ab9xoBi4BAfBy6oSeAzCKX5MA3k20vfTinvbX7vEXP8vPrrrzX9nnK0D3jn5qoPycmWlrycSTTYbMvvMXMNBwUi8buS84ZR0ZfNM69HxraXF08/byXPz71guOk4yoS1QB8EMT5Xsczw6UDx99hlhU8sozw8tAn6kE07AOWcX50c35hTlnsu1Lp71e0ej7yK0NvPkNnJJHS/0erjYP26uLk1asqa9R1x11lHDEWPiE/tCwP103Ow/+0vGN3WbHSZYj7u9spGGvicZgw434bXaNsC5GauM893qjktienk7q0guG1pq3z118P9Zw+K2OZocG0Tx7vJ2i61LwfNpaWwCoaPh8fIGqo8nmVyl48fc+fuWRUybAaqX1waqG6pbivq4myhVNIpFg4rtvKbkuoQiXJn4g07UfN+/jm/twVfJRgDiA+F53RRm4UqWpqQ6JNCnb5s7SEhOXf2Lqj+s88eRT7Dtgs1bw0Q0JxPe6dwHK9/DKSfyYgUS13vLuFinHYXstR+fBVm7duEZ2ZYW0FIndWWd/GDaeOXP5d3MHMFXaKmPEqyxmy0SGCaZF7wN9xEyDTCZDV1cXxWwWQpdMJkNPTw8i0mvunPBjyXXZCIRfr+VIJCFlJXis/xhhGFKpVAjDEK/sI0pQSiEiiAg1B4F30V3/Z3pmaZ1cMce50Tlur2xiSIhSandFBN8PdsUiUsvg57NvXHn49eGzHanND6YWK/b6lpDN5YlVTQ7cJQ5EiELRSilDa/0/AODDV4/drK+vt/OFYnR69GZsxrAxYxZPp2uAMAwxq4qqjgyR2p8ppWqAsbGxNHAhnU7jbbvudvHvj6Kqfhzolr1mo4gQBAFBEGittRGGIVprlFIYWmtGRkYc4ArQDvQODg7++Z+zoaGhG0qp7p0wJy3LeqhQKMR3gr36LzexzEk6GOJQAAAAAElFTkSuQmCC",XfOVOT8
nnurdin1,Nina,Gutierrez,Nurdin,1970/08/31,Peru,"data:image/png;base64,iVBORw0KGgoAAAANSUhEUgAAABAAAAAQCAYAAAAf8/9hAAAABGdBTUEAAK/INwWK6QAAABl0RVh0U29mdHdhcmUAQWRvYmUgSW1hZ2VSZWFkeXHJZTwAAAJ0SURBVDjLjZPLa1NREIe/+0jaNE0VTRvBF1YQwRciUgpCQXwt3AhiVz66ceXSpYL4Nyi4kQiuruLGR32gVBeKithWUatUW6pR21KjJmma3HNmXFy9tQrigbMYmPmdb35zxlFVBgYGdpVun75upgqY8RF25Ic6+L8z4fT396+31j6QcCbtYZk8c5htZ1/8V7Xv+x1+EARDnZ2dRxpf9uabFwIKYRjOSRQRVHVOnEqlIpHu7u7V1tpT0rYfD8P3e31/veS6LiISx47jxIIxQfJZbz7TpiBRAsDJS+OIgEJUICDAib3Z2TZigtb9eI7h2527sYAIrFma+ikQ3cHRCgDW2rkE/uC1fEtWUdVZAVWej04jgIqiYhGNPHBdV/4gOIDnGIq378Y9ntyX49GbCSbLNcq1BhoSSealBBtWMSZRBewswdOr+UxrxKmqiAgX7n9gwfwWNqzI4ic8Jr7VKZZqPH5bYlN7SxrwfiM4iIeheKsvdroxlaY910Sx5mCqFnU8FrdleDFcoVAo4Hme6wZBMFQoFI6M956j/OQ8YolHVK7WSSYTGCuIKDN1oW7AqE8ul8NaK78RHMLFMHW9LzaxqSFBPbSEFoxEourAdKVCNrty7hTch5fzzW0CdvYDLco4lKqWTCpJzSq+6/DpS4hOvebT4Luo1XgX6jNpF8Po8R723BpGRPharjP8ucKHokEUSpUa4fgrtrR+ZGbsMRev3DzmB0EwZIxZt/HVjXdNC1KowsjICMYYjDGkRViV1ug7NwtfS2NMvx+kdflaujaPHXN+GdazamHXsubk1kIlfH/2zdSzf23h0d1Ltu/s6jiuaht+AFR4fcZEARLxAAAAAElFTkSuQmCC",9F8v6u6UxD7
iniesel2,Isacco,Hardway,Niesel,2009/08/04,Peru,"data:image/png;base64,iVBORw0KGgoAAAANSUhEUgAAABAAAAAQCAYAAAAf8/9hAAAABGdBTUEAAK/INwWK6QAAABl0RVh0U29mdHdhcmUAQWRvYmUgSW1hZ2VSZWFkeXHJZTwAAAJGSURBVDjLzZNvLNRxHMc96qGt5z3uH3FIrEUlItel5VLtbjbcdJhwOBoiRpy1zhNNVsymKbNl0mit0hbTH0dDtRul21iju19cjuN+r760tbWVZT3pu70ffl7f9+fzeX+8AK9/kdf/AZAL8zRCX4SkNXnyDZLHkCWtZmZIK2nnJbcuRVpOTJSWzp6TXPFqafF43Jzz6DHtOkAUJAg56e2B/n4YGQGrFcbH8Tx9wlxrK/aWFuabm3E03MBmNmO7VMpC+BHnfGhY3BrgFTcboasL2tthbAyGh6GjA09+Pja9nmmdDntKCrNaLa9VKt5VV2PNykEKCLGtAfxlo+GFXFMF4jemplh/fX141GqmlUo+x8byVWgyIoK3lZVM6lKR/PfNOHYFJKzPQPS7VfT7wFNWCp2dMDMDFguyRsOcKHQIiCMmhomqKj4k6ZD89k7YdyoUv2xhRZ/q7U5O7l4tKICBARgdRRbWpagonNHRzJpMfBTFDt+gCfsOvz2/XeOSRuvtSjjT7TYW/ACIGTgPH2aptpZPmVmUN6rd+junhzbMweKJk97fYpQPl4tKkNvaWKmpwZ5toKRRLRc/zqWw9wLxt5SWDYO0cChy2/z+g9ZlQx5OgwFjU7xc9CiHpjf1NFjqSLubRGRt2PvwipAtf0yYFBjqI/odrLimciXePuXOvZ/O9SEzdS9NZN9L50BZsCv4oqLnryOrqo/CPFiNqb+c2KuRBBn9Qjd1C8IyV55fpvxZMYF5vmz6mIRlhGUUOT7sztj+E/Ad9GPLsXC6ErkAAAAASUVORK5CYII=",Dva3y1vRg
sclewlow3,Stanly,Codd,Clewlow,1981/11/04,Argentina,"data:image/png;base64,iVBORw0KGgoAAAANSUhEUgAAABAAAAAQCAYAAAAf8/9hAAAABGdBTUEAAK/INwWK6QAAABl0RVh0U29mdHdhcmUAQWRvYmUgSW1hZ2VSZWFkeXHJZTwAAAIsSURBVDjLpVNLSJQBEP7+h6uu62vLVAJDW1KQTMrINQ1vPQzq1GOpa9EppGOHLh0kCEKL7JBEhVCHihAsESyJiE4FWShGRmauu7KYiv6Pma+DGoFrBQ7MzGFmPr5vmDFIYj1mr1WYfrHPovA9VVOqbC7e/1rS9ZlrAVDYHig5WB0oPtBI0TNrUiC5yhP9jeF4X8NPcWfopoY48XT39PjjXeF0vWkZqOjd7LJYrmGasHPCCJbHwhS9/F8M4s8baid764Xi0Ilfp5voorpJfn2wwx/r3l77TwZUvR+qajXVn8PnvocYfXYH6k2ioOaCpaIdf11ivDcayyiMVudsOYqFb60gARJYHG9DbqQFmSVNjaO3K2NpAeK90ZCqtgcrjkP9aUCXp0moetDFEeRXnYCKXhm+uTW0CkBFu4JlxzZkFlbASz4CQGQVBFeEwZm8geyiMuRVntzsL3oXV+YMkvjRsydC1U+lhwZsWXgHb+oWVAEzIwvzyVlk5igsi7DymmHlHsFQR50rjl+981Jy1Fw6Gu0ObTtnU+cgs28AKgDiy+Awpj5OACBAhZ/qh2HOo6i+NeA73jUAML4/qWux8mt6NjW1w599CS9xb0mSEqQBEDAtwqALUmBaG5FV3oYPnTHMjAwetlWksyByaukxQg2wQ9FlccaK/OXA3/uAEUDp3rNIDQ1ctSk6kHh1/jRFoaL4M4snEMeD73gQx4M4PsT1IZ5AfYH68tZY7zv/ApRMY9mnuVMvAAAAAElFTkSuQmCC",aR2efgy9epw
nferraretto4,Nike,Ewington,Ferraretto,1995/03/22,Peru,"data:image/png;base64,iVBORw0KGgoAAAANSUhEUgAAABAAAAAQCAYAAAAf8/9hAAAABGdBTUEAAK/INwWK6QAAABl0RVh0U29mdHdhcmUAQWRvYmUgSW1hZ2VSZWFkeXHJZTwAAAMLSURBVDjLXZNbSBRRHMaHSHrpKehCYTch06AoTEiyy0MPEVFIUbYkqOFmgoZZBK2uli3VlrHeVitzUzPqoTT00VoqLe1CIomL3XPD3dnZ2ZnZcXac2fk6M+VY/eF3OPzP//vgfIdDAaCivdQcQiVhmDBEmKf3/4b0Fv85HyQkz/Qp9iGVQLgSfW2ZmA49hfgqOyDcXP1CLS7yKkWFjGItYKbz87x8/fJn4puC0NSojSHzg4REwyBwjzrHDR71y5O94F9Y2PCNpYLorAbffB1sRxPYdje4xqvgL5Qh5F4gRt/bROH9qSDRvSUkUD88VDk/bGPCXgsbaFimcLfrwHd1QnY5oJUWQis+htjlcnD374BpOo1gx8a49P2+OtmV4iPaZOpTM5X52Z3gm3AtErnbtRAfeBBtv4XYxHco8jTUmAzp21cIrhqILXWYbDiEieak2Oe6ue+INvl3QKeOOKNOO/hHdxFtaYReqqqCpmnMlBaPg3NcRKT9JkKluWC3b7loZKAvalGhl2uqQcxRjqmPX0xRa2srZFk29n19fWDfDUM6kQ/GUQUuLcNrGuhJs21uaHnZiE8rpoHdbkd3dzcqKiowNDQEgWGh7cgA7b6OyIZ0xjQgz8SwdxqhHdoHRYoZYkmS4HQ6DfHIyIjR4yZpaJlpCDaSF0rdNGsg5+R4I7WXESs5jvDbYWNYURQMDAxAEAQzk8CTfkiHs0BX2RBes372CrHsI5V8+VkwnR6wZ8oQV+P4v/QeY7XiZ2sLQrm5YFalVpoG0oGDaVP7sz6Ea68g7LpmmERHx6BpmkF0zIdwaQmClxygHeeJOOVDKHFNmmmgI+7Zaw2UnRFplxM/OzyQ8rOh7c6AtisdkiULPzwe+Otd8B+wiERsNf/CzIbcd6ce1mDfEzVUUoxQtR3BhhoD2m6Dv+QkXj5/rg3092tkdts/Bj09PQsJwvj4OHofP2Yi6VurIus3e/WkSVgMs3qdl1mxtpKc8T6fD2RWISSZBm1tbfMJYwSZsO7/rzwDOVtJiBD8hCV67xfvC+0h/fUq5wAAAABJRU5ErkJggg==",S9AIXNFe
jdegg5,Janessa,Pudden,Degg,1989/01/23,Peru,"data:image/png;base64,iVBORw0KGgoAAAANSUhEUgAAABAAAAAQCAQAAAC1+jfqAAAABGdBTUEAAK/INwWK6QAAABl0RVh0U29mdHdhcmUAQWRvYmUgSW1hZ2VSZWFkeXHJZTwAAAE3SURBVCjPfZHNSgJhFIa/C3AldD2ugraCF2E2OdX6c0ZtQAj7nUJoUxZtKn+mwE20CoRW4/hTTukg3xUIugmCp8UMYhs5u/M+L+fwvgKxegRCCSWUcOKO1XSb08as4dat+lq4XQBOsjXvEqBQBHg8z2upJcBJvDFmwhgfn28CRtyxvxEBzVhLjQjwGfLBgD59XrEpBoVYCBgeE4YLucste1xSplBACESjHTCKxB5dbthFx8Im/44QiPqv4jPyelTZQSeLRgWTBTCgF8k6OttobHGBEQK19hgfjw7XkVcjg8kxRnji0XAZ0+Fq4c2Q5pwSufDJh9iT+uKFbCRuksamjAxkLArqPlHllAp5NHRy2BxSRK4vRZ1PmrMDTrA544gSciZT/7pQwowbluHmfuRUutKSy2Wtnj+jSVcdCo7izAAAAABJRU5ErkJggg==",FPshG2eTcS7
mskurray6,Milena,Angelini,Skurray,2009/05/19,Peru,"data:image/png;base64,iVBORw0KGgoAAAANSUhEUgAAABAAAAAQCAYAAAAf8/9hAAAABGdBTUEAAK/INwWK6QAAABl0RVh0U29mdHdhcmUAQWRvYmUgSW1hZ2VSZWFkeXHJZTwAAAF1SURBVBgZpcGxalRBFMfh35yZGwK72mrrO2yxoIXFvIBNGksrsbISFGuxMRDIGwhiCtttrq9hCgWxSLtVsor3nvN3RwxcggTCfl+SxC7So+cfnz14uHi73mgmAREoAg9HIUKB3AkJueMR3N4bLk5Pz158endwXBb3F0fd/szu7HMTs4uNHwHHZTPINutzburnIKN5+f6r/ufVh2+6zpM3n7VFkYJmtVrRdR21VqbW57/wUfgoXMFvF/fu3sLDaQoSTdd11Fq5quRCSk7KIodRRtHE6DTFw7nU9z1NrZVL2cBSpiTwJNyCJjxoTCGa5XJJU2tlKicwA8uQS2IvZ5oIp7EIZ6rve6ZSMYpBNigZLPNXRNCUcRiYqrUyZWyZkQGXsCSacRhpTB5M9X3PlKWEpQQpkc3IKdEogqZEBM18PqfWylU5JZrMPznThERTzr7/OHl6OByEO+GBuxMR+DDw+PUXQkLhyEUoUAQRNCdsJUnswtjRH6iT+f+z/UsKAAAAAElFTkSuQmCC",eqJXOPh2R3
pgillivrie7,Philly,Littler,Gillivrie,1960/02/24,Colombia,"data:image/png;base64,iVBORw0KGgoAAAANSUhEUgAAABAAAAAQCAYAAAAf8/9hAAAABGdBTUEAAK/INwWK6QAAABl0RVh0U29mdHdhcmUAQWRvYmUgSW1hZ2VSZWFkeXHJZTwAAAFrSURBVDjLpZO/SmNREMZ/uVxFCGy7L+AjpAgoIUW4hZjCCDZCbCQgVlY+gaDNLghibbmy2EgQTCOp8gaWYmFrpbE4Z+azuPe6UVE2ZGBgzoHz/Zk5U5HELFFZ2/uzu9ysHT2OVZUAd+SOuSEXLkdmuITMMHd+zIfn29uH/YtfGydpbal2PLdQTX4uTEVcfR7bMXCSjoOS8ePT1NJfghKAVCYONhenBtg+vCcHkAOwcwOnTRiNRkjCzHD3TwmQZRnmlgNQTOG0mSPX6/V3TJNTmqw9FgAl0tY1nGUwHA4xM2KMbyom1Uii0+ng5oUFz1HPshy50Wh8yTp59tJCWaxfwt9VMRgMiDG+y48Kut3uWz/SGAKQP5ZEq9X6lrmMGGJhofCyclGhvyb6/T4hBEIIxBgJIXyaQq/XQ6WC8vJqHSCh3W7/1z/wQlH6cHd/vvM7bLgZbv86biWzhNyQFXvhTsF5DlCZdRsTZoxXOgYqlSAcLRcAAAAASUVORK5CYII=",sVlE90zN
jgoodlip8,Joaquin,Ferrea,Goodlip,1978/08/08,Ecuador,"data:image/png;base64,iVBORw0KGgoAAAANSUhEUgAAABAAAAAQCAYAAAAf8/9hAAAABGdBTUEAAK/INwWK6QAAABl0RVh0U29mdHdhcmUAQWRvYmUgSW1hZ2VSZWFkeXHJZTwAAAKZSURBVDjLfVNLSFRhFP7uYx44XbyjFommzaKVEkVWRoFY9IYKLGgRLQpqKbhxEYSLiAipcVMLxXalWYuKCIVkiIQ2jaORUiRa+Jg0nNHJx/W+Oue/MwP2+i/nP/+995zv+85//l9yXRf/G/F4/IFlWRdM01TJg7ywtbU19l3SvwCGhoYKKaFD1/WzgUABDEqC40BEU044rKO39xXUvyUnEoljnFxSUlIWCoUwPjEFZnccF47rEJALm8AMw4A6Ojpq2LbtJxNBOZnsU6nU75IxP58iIAeHjxwX31ROLi+vQDq9INhdflxW6QrjF+JEUbgQL54/Q1X1TsHO/4QCRuXk5o44hUmQJJq9SXi2zOIibl/ZLRgH4+/AaktPnvYUsFRm5cBwUTFkWYZEJmeN1wzgOh5j9fYasXazeyCzAnonABmKoqwzOet58OYx45w2js50VJQlFJjZ9kiyBEVV8+zCcwnkvc55jJ2f2rGUsYQKAcATbwiXwIyRTQWifm9ImF6wxGp1oBs1g+2o7Z+FpRdjyeygrkgegJytk23s85/nojYTg//LR9RdakIgUoWV4T6MvH2NslTYA/D5VNy6vEO0xzQtLC8bQrLf76MyXCy0NmPbmUYEx2LAmxsoKNSxtaISk2MJqFTXnVisvy53UMgXaZoW4e4kk0mD1AVqf8wguDkCnGjKq1JbSqEZP7HuLrS1tTUSyKk9e/cd1DQdT588WqGeP9w/fO9ifcM5X+jbSxgrSSxTbGZRQWI8aOUBotHoRmrZbH39IWzQNDrKNlRFJtC7Sw0zj1v9WujalmJLVeVJZOYsTHxXbHPVvZ6/TCR9nux9T0/3rtz5z96LkQNdUy0D5ytWP3ydvqrYUqWtyFN0lO4f7bNu/gJT+aqduOCVCAAAAABJRU5ErkJggg==",V9clWzdFvkF
rolexa9,Rochell,Andresen,Olexa,2000/01/17,Argentina,"data:image/png;base64,iVBORw0KGgoAAAANSUhEUgAAABAAAAAQCAYAAAAf8/9hAAAABGdBTUEAAK/INwWK6QAAABl0RVh0U29mdHdhcmUAQWRvYmUgSW1hZ2VSZWFkeXHJZTwAAAIsSURBVDjLpVNLSJQBEP7+h6uu62vLVAJDW1KQTMrINQ1vPQzq1GOpa9EppGOHLh0kCEKL7JBEhVCHihAsESyJiE4FWShGRmauu7KYiv6Pma+DGoFrBQ7MzGFmPr5vmDFIYj1mr1WYfrHPovA9VVOqbC7e/1rS9ZlrAVDYHig5WB0oPtBI0TNrUiC5yhP9jeF4X8NPcWfopoY48XT39PjjXeF0vWkZqOjd7LJYrmGasHPCCJbHwhS9/F8M4s8baid764Xi0Ilfp5voorpJfn2wwx/r3l77TwZUvR+qajXVn8PnvocYfXYH6k2ioOaCpaIdf11ivDcayyiMVudsOYqFb60gARJYHG9DbqQFmSVNjaO3K2NpAeK90ZCqtgcrjkP9aUCXp0moetDFEeRXnYCKXhm+uTW0CkBFu4JlxzZkFlbASz4CQGQVBFeEwZm8geyiMuRVntzsL3oXV+YMkvjRsydC1U+lhwZsWXgHb+oWVAEzIwvzyVlk5igsi7DymmHlHsFQR50rjl+981Jy1Fw6Gu0ObTtnU+cgs28AKgDiy+Awpj5OACBAhZ/qh2HOo6i+NeA73jUAML4/qWux8mt6NjW1w599CS9xb0mSEqQBEDAtwqALUmBaG5FV3oYPnTHMjAwetlWksyByaukxQg2wQ9FlccaK/OXA3/uAEUDp3rNIDQ1ctSk6kHh1/jRFoaL4M4snEMeD73gQx4M4PsT1IZ5AfYH68tZY7zv/ApRMY9mnuVMvAAAAAElFTkSuQmCC",7JL297L6e
nraulta,Nickey,Canfield,Rault,1981/06/28,El Salvador,"data:image/png;base64,iVBORw0KGgoAAAANSUhEUgAAABAAAAAQCAYAAAAf8/9hAAAABGdBTUEAAK/INwWK6QAAABl0RVh0U29mdHdhcmUAQWRvYmUgSW1hZ2VSZWFkeXHJZTwAAAK7SURBVDjLpVNLT1NBGD1z7+2DR2poS0uR1tBKhNBGKyaYGDSpkZ0LXZogK/fs2LlSdOFKQyILE5P+BF2pGEx4KApEbGjaRkGqtFRKX9y29+3MNeDKhMRJvpncyXfOd77z3SGGYeB/lsC2mZmZ+81mM6YoSoumaUSSJEuj0bCyU9d1YrPZZKfT+XJycnKC5Y+NjQ3RYzMej++T6enpEzzPl6PRKJgaCjAjufYat6/3Qf72DI/f9sPhHUA6nRkvlUpPKNhBg0kf5kOhUCIcDju9Xi+y2Szy+Tz29vbQHejH3MovpGrncXZoBIQQ5HK5GxzH2ex2OwRBINVq9bJAq552OBxIJBLweDyIRCKgrYC2gs7OTiSTSczPz8PlciEWi2F3dxflctnMSaVSZwSWWCgU4Ha7obQF8Gi2AVEl0Kk+G7HgSk8QzlqNyk+DqWTATCYDn89ntsqxTRRF+P1+vPgiQzI42C00rBw0zoJ3P9pMYLFYNMGyLIMafKTSJKBum3GgcbQ3ngYHC/cnVGIFnRDaY2m8qT9EQ66b3yzfVMBYDlnZMgwd7NcgHEDx4DmCep2CVBk97gGstj+nJOIRgXCogDoKq9ECVbeDoxOy2+6A5xVAV7Goqjjp7MNA1zBqTRGfR95D+ur7S8Cqr6+vI9odwVrFA0mgY9JlXBsch0YVabpGTTWwU8ki0nMJB3IDK1Ic+ko/BFa9UqmY43GVShju7TXN+UglM/D3YgYKVaHqChRNQVWq4Zx/BAdKHR9GFyDQmU5sbW09oEpsHR0dZHl5mTCC7ltNqJoKryNAwZpJlqtsw9nehdXsAhY3liAsnVog/3pMN58G9SY1V6atMAND7kFyMTiKT9uLmE2/yssqru5MGRvkuK8xfI8TLwRirXPp2Z+yboJT7P7YBMG7RNR0vrWha8HClLF5eP8bbVCla6rK198AAAAASUVORK5CYII=",KTMRQc
hhollowb,Hastie,Gristock,Hollow,1966/02/12,Colombia,"data:image/png;base64,iVBORw0KGgoAAAANSUhEUgAAABAAAAAQCAYAAAAf8/9hAAAABGdBTUEAAK/INwWK6QAAABl0RVh0U29mdHdhcmUAQWRvYmUgSW1hZ2VSZWFkeXHJZTwAAAKiSURBVDjLfVNdSFNhGH7Oz7Q5N3dshrKRGP4wFElMKALL7McIDDIKopuIorsuIqLLuopdxKSbIqmroKIuVCjtIoQk03BtF7FYyCxIUMmpyXQ7O+frfb9Nxai+8X7vztn3Ps/zvc87RQiB/61IJPI4l8udN01TpwzKMrLZLOenyr8AYrFYGRX0eb3e08XFJchQEWwb8jTVGIYXw8Ovof+tOBqNdnGxz+fzu1wuJKd/gNltW8AWNgEJWASWyWSgx+PxjGVZRRTy0LpMzqlU6k/JWFhIEZCNI0ePy3c6FwcCO7G4uCTZBX8EqxQy+IE4UW6UYXCgH41NLZKdf5MKGJWLb/RF6JgCRaE9v8nM8Wt5GaHLbZLxU+QDWG3ViZN5BSyVWfmgUb4dqqpCoVALwd9rSxNwzD0ErAo0NbdBUA9EoQcqK6BnAlChadqWUCmcDgtdu+Iwqvag2vMd8+4kHi2G5bWkArNgj6Iq0HR9g11mUtXsHkNdsB2eqhb4nc/w/GsM35bWpAoJwBs3hK/AjDU7SuT9eZViHkExCrfvHKzlAQRaLuDK5CvMVndTjS1dkQDMyI3imErkZ0GhvpypHUOg8xSwFsHEk37svXQTRStfUIwGAvBvKnA4dNy5uFvaY5o5pNNkz2oClaoHbiNN7Emy04a18hE1B68h/eY+RG5fXgF18u7IyNsD64NCudzjdtXUiSF428/CTo9T7SpaexpgZ2ewzZVAIHgYKz/fyWHb8l/o7e29SiDd++uVQ35DRWW9k1gnSG4Wky/jBBKEopUBzmMYfXALQzO1yQ2AcDhcQdbNdXR0Yu39dTT23IOmTpPUlJzPzUV2Oxsw+zmKxODtFxsAoVBII/njpKC1wzUM1TKlVTz4ishleHDWB6jwnt2b/A3aCqjQmVNP6QAAAABJRU5ErkJggg==",XRY5oXNPYoi
lwillmentc,Libby,Letrange,Willment,2003/11/03,Ecuador,"data:image/png;base64,iVBORw0KGgoAAAANSUhEUgAAABAAAAAQCAYAAAAf8/9hAAAABGdBTUEAAK/INwWK6QAAABl0RVh0U29mdHdhcmUAQWRvYmUgSW1hZ2VSZWFkeXHJZTwAAAJZSURBVDjLjZNNaBNREMf/25Q1Lqmk2NYamo+amI+mREOhFhRS0CKKN8FT8NSeiiBIDiJYk4MXEcGTwVtI48FQouLNix48RCoh4GETqAmioTFG0qT52HT3ObtgqiGHPBgGdmd+M2/m/zjGGPpPLBazyLL8XpIkW7fbRavV+tZoNFbC4bDYHzuKAafT6TyZmZmxCYIAFVAoFMz5fP4x/brWHzsyCFCv16fT6TQymYwG0Ov1qNVqlkGxAwEUjI2NDa5UKmmAdrut2dAAnuc1z3GcBvgLGRpAM0AoFGJGoxE0SM3Ub0MDaOLwer2gQSKbzeKEoYIHa1P2nXfBqaEA1C5TK4qiCL/UwOLxInznbgiGgi6N27dWB64xkUjYyImKovBk2v3NZjOW2E8I7ss4dtKPnYmktdIsPX8YDJri8Xik14GaTIISXS4XTztHuVxGNBrF1otnqBt3MTZhhLz3GpO+m4C7C+dpezgQCNzvdUAVRY/Hw7vdbphMJgSDQVJfEwfFBKZP+elOn5HefIWltbuQxvdx3jqOl8lqmFIjGoCkypN0kUqlVBFpKzOw77h05gjGxptU/SvAFMiNT5hdvoO9t0/B5PbhENUEdWjValUDNOo12PU5GC1noTSzlNvCwnUXFOkHqTIHm+8qVuZ0hwDqQAM4HA44nU4sziqwzy9DGKuAHfwiRemwvZVTLwulncOk04qLrlF8iMzPceprXF9fZ8VisSeae1c6uLC6Cd1IgQC/KZH9t3ndURd2v2SQexNJcoOe88dHCxUmKwJTGLWv/GOs56F6xrb/AFceRXFTtLBJAAAAAElFTkSuQmCC",AWqtqTl
lphillpotd,Linnie,Tournie,Phillpot,1971/03/30,Panama,"data:image/png;base64,iVBORw0KGgoAAAANSUhEUgAAABAAAAAQCAYAAAAf8/9hAAAABGdBTUEAAK/INwWK6QAAABl0RVh0U29mdHdhcmUAQWRvYmUgSW1hZ2VSZWFkeXHJZTwAAAIUSURBVDjLpZO/T1NhFIafQss1aaSpUmgbCxpriE3q6Ayjk5oYpf6ILk5d9S9wwsRRDVFXN22ijg6YaBxMiUPjUBqCLe2l9goxcpHC/c5x6C20KRtneofzPnnfk+8LqCpHmSGOOMGuePLB3o8iqihgDKCgIoiCkY42Ao9uTgb6AADJ6AiKogIKqCiioD0QEVhpbg8mMKqo+gYBVUXVT+ODRBQRxewdUsGYTkRUEfGNXS39kD0jgwA10llUEBFU8A2yb+wCPe8QgCcgRhF/qbPc1XKQREE8HQSIJxjR/Z7a01n9St0k3mEAzwNjhN12m83qEqHtFeLjJ1ld+8Wx1CzD1ihu5R2nT8XY+eeQz68+LJVKzw4AxrC3C8vf3pMeV27cu4PrupxdW+PTl8/sMELu+hVGQkFs26ZYtB5Xq9VYoPuUH7xc0cDmdwK/i+Ru51h49YZ6pUgiESebzWLbNo7jYNvrHE9cIH/3EoVC4U9PAmXj5w/OxcMAnLl4i+XSV+bm5ohGo2xtbdFqtXj6fIHRyWuASyQSsXpuIPw1Eep2BYCljy9ADPPz84TDHajruqgIu5XXMHuZer2+E+j9jZlM5nw6nX47MzMTT6VSEgwGTzSbTcrlMpZlMTU1xcTEBJ7nbdRqtaHFxcX1PsD09PRwIpHIhsPhQjKZjFmWNQwMOY5zH6iPjY0VgFC73TaNRqPluu7V/620dUeTJTHnAAAAAElFTkSuQmCC",tqd5Kv8kXTsD
bvennarde,Baxie,Bickerton,Vennard,1969/06/08,Peru,"data:image/png;base64,iVBORw0KGgoAAAANSUhEUgAAABAAAAAQCAYAAAAf8/9hAAAABGdBTUEAAK/INwWK6QAAABl0RVh0U29mdHdhcmUAQWRvYmUgSW1hZ2VSZWFkeXHJZTwAAAHtSURBVDjLpZNfSFNhGMYXZ110E1QYFRR6Yd0kIhgE3ozlIII1oQvzwjAUtD8jSFILoigISqrVCAy2u6y5aAQpuJH9cUabK06GSEOnHCcrzAzsrJ3Z3K9zDjGMhhzog+fm4f093/e97/eZANP/yHDhXKhyw6TfMT/qrluJuA7z0Vs5M/1g33bDAXFfHZ96T5KRoijJGKP3rAxfqQoY3R15/BGK9IZs8p2uzOQQUZdjxRCsfAujzPpIBE4ji726tICY+0jGEJyTn5GOt/FDPMMHbwOJx+1E7zhYs4l/wVNNyBO1LC/eItXfSPx2DWtOwShcNOCla49h+J+A4PXdLKVeFIXFcxW8sm+UnlvN+aBNmFXVVQjoaS4t1WAp9pRIX2tReKx9fzYzcJP8xCBp31lipypyoQNmpx7gdu5iSYqw/HmMgYvVhO9XMTXiRPQc4u3VaoK1QuKnCnPXDp2b4FoZX29YNH+6EJBVX9eC/zhfeiwMt5bgb9pKf8de/c7asfPvA6xe3y9tQ/P1gAbrZsY9jaTFhyyIfbzuPliA9d7YhKTsbQYVUjpMLKqS2gRUf04vOGrZwjFrCZ4T5ToY6q55srq54fodl6Mt5b9SnWXMn19PomUdQ3ZzbtAmXDD8mUbqd3apO878mUJSgzX/N4hT3VGIyxnZAAAAAElFTkSuQmCC",s0QN72uWI2Q
rrylettf,Roth,Lydford,Rylett,1976/03/23,Peru,"data:image/png;base64,iVBORw0KGgoAAAANSUhEUgAAABAAAAAQCAYAAAAf8/9hAAAABGdBTUEAAK/INwWK6QAAABl0RVh0U29mdHdhcmUAQWRvYmUgSW1hZ2VSZWFkeXHJZTwAAAH8SURBVDjLjZPLaxNRFIfHLrpx10WbghXxH7DQx6p14cadiCs31Y2LLizYhdBFWyhYaFUaUxLUQFCxL61E+0gofWGLRUqGqoWp2JpGG8g4ybTJJJm86897Ls4QJIm98DED9/6+mXNmjiAIwhlGE6P1P5xjVAEQiqHVlMlkYvl8/rhQKKAUbB92u91WSkKrlcLJZBK6rptomoZoNApFUbhElmU4HA4u8YzU1PsmWryroxYrF9CBdDqNbDbLr0QikUAsFkM4HOaCVCoFesjzpwMuaeXuthYcw4rtvG4KKGxAAgrE43FEIhGzlJQWxE/RirQ6i8/T7XjXV2szBawM8yDdU91GKaqqInQgwf9xCNmoB7LYgZn+Oud0T121KfiXYokqf8X+5jAyR3NQvtzEq96z4os7lhqzieW6TxJN3UVg8yEPqzu38P7xRVy+cPoay52qKDhUf0HaWsC3xRvstd3Qvt9mTWtEOPAJf/+L8oKAfwfLnil43z7Bkusqdr2X4Btvg1+c5fsVBZJ/H9aXbix/2EAouAVx4zVmHl2BtOrkPako2DsIwulexKhnG/cmfbg+uIbukXkooR/I5XKcioLu+8/QNTyGzqE36OidQNeDJayLe7yZBuUEv8t9iRIcU6Z4FprZ36fTxknC7GyCBrBY0ECSE4yzAY1+gyH4Ay9cw2Ifwv9mAAAAAElFTkSuQmCC",brFYCk74Xw
eleabeaterg,Erika,Noddings,Leabeater,1975/02/06,Peru,"data:image/png;base64,iVBORw0KGgoAAAANSUhEUgAAABAAAAAQCAYAAAAf8/9hAAAABGdBTUEAAK/INwWK6QAAABl0RVh0U29mdHdhcmUAQWRvYmUgSW1hZ2VSZWFkeXHJZTwAAAEGSURBVDjLpZM/LwRRFMXPspmEaGc1shHRaiXsJ5GIRixbCr6SikxIlqgJM5UohIiGdofovHf/PZVmYwZvTntPfjnn3txWCAFNNFE33L/ZKXYv+1dRgL3r7bu0PbucJp3e4GLjtsrXGq9wkA8SU7tPk87i/MwCzAyP5QNeytcnJl46XMuoNoGKDoVlTkQhJpAgmJqcBjnqkqPTXxN8qz9cD6vdHtQMxXOBt49y5XjzLB/3tau6kWewKiwoRu8jZFvn+U++GgCBlWFBQY4qr1ANcAQxgQaFjwH4TwYrQ5skYBOYKbzjiASOwCrNd2BBwZ4jAcowGJgkAuAZ2dEJhAUqij//wn/1BesSumImTttSAAAAAElFTkSuQmCC",6Ur220AY0E
omeckiffh,Owen,Szymanzyk,Meckiff,2005/01/04,Peru,"data:image/png;base64,iVBORw0KGgoAAAANSUhEUgAAABAAAAAQCAYAAAAf8/9hAAAABGdBTUEAAK/INwWK6QAAABl0RVh0U29mdHdhcmUAQWRvYmUgSW1hZ2VSZWFkeXHJZTwAAAJcSURBVDjLbZPfa85xFMdf36/nebbGBcLaMmtM2DybElsjQm5c+PEnoKSQCzfEnZtduLRdSJFc4UK5sEizSLtQNCYXJMXKlMeG7fv5cc5x8X02w06dzqdPn/M673M6n8TM2H/6WruZ3TaoYPQYhhlgRh5s1lUCwU18GLpxfjVAgfzBMYP15bZVyfjXCcxmkiCHKabwfeIX085QK7RQtRwAO8ptTcmujiZWNZSxnICa5lU1r758cR11tQW2HTjOXwDMlpTbm7n//B2VyhSmCoDOqDDD1Pg+OUXmPHOt2gJJoVRg7cZmWuuXIgJmiqohYogqUY3pLHDrzuP5AIaI8nF8klJaJMsygvNEze8jCygUSyxbWIOazQMAVJQoAecch7a25vJzdZgZ1wffEmqL/JP/R0EQRUIkSsrNx29wIRLFkKhEEoqlEj7mQ50XEKPiQ8ArWFpDUixCamiiqCpeErz8D0irQyREIWYRF4QsClkQXIi4KDgvuKlnfP50iZZ1A5R3j7PvXOeFvxWIElzABcnbEcOLEkWR6ac01r9h84YuVi5dy+DoXYZfP7nYfbJxcTq3heBzgI/KdBB8EFxUpn48YtP6TiQVOhv2Ikmgu9wDcCKdWRgfhegiLihZEELQXL4TKj+/UEwWsX/DKQDO7LnCmhUdALWzMxAxxAsu5J6FiHOK98q3yQqjY8/ofXgYgN4Hh3k/PgKQzc6ANGVLVweWJIgYUQytxsQdZHhkgJ6O7dx71U8pKfD05RBAX2Jm7DzSd9WMo/nPm7P/GFTP1A5BzQtIPMAPoH/48tjZ3wRCz4QMKdc8AAAAAElFTkSuQmCC",DH64P5H7TInD
mperrellei,Matty,Fessier,Perrelle,1965/02/07,Panama,"data:image/png;base64,iVBORw0KGgoAAAANSUhEUgAAABAAAAAQCAQAAAC1+jfqAAAABGdBTUEAAK/INwWK6QAAABl0RVh0U29mdHdhcmUAQWRvYmUgSW1hZ2VSZWFkeXHJZTwAAAFESURBVBgZBcG9S9RxAAfg565DI51uCBocpGhoqM1VaAjByXAImvoXDtr6D4JAaG2oyXtpKJGEltYcGntDErEhEI3kvDP7fb+fnqcVAAAAQAeg39XLqsVcyl62bTw8AkTE5tqb8WHOU1MzzUFej1+uR4SIzeWPOcu/TPI7JznNecZ5ngcrEa3YnJ/7fHehY6Kqqiq+eedgP7cH4zZ6dxZmnamKoiqGnpjTXcxj2tSVq/4qGkXRGOlrfDcvK7TJ0qypoiiKob5G9cWsukSHoCiqamQgiiqKoE12p2YUxVBf0aiK6ybs0qbu/HJZMTRQFEWjuOFU3aFNnn06vLCnr1EURbHq1PF+ntIKXiz/+fDTFV/90HHNTWdOTO69fU8rYH0tr7rzc2YUF8aOx3m0NYJWAPe76VmttzK1bzsbW0dAKwAAAID/tYu/URIDsoEAAAAASUVORK5CYII=",DaHBRcL
mcrammyj,Marj,Lebang,Crammy,1990/03/02,Peru,"data:image/png;base64,iVBORw0KGgoAAAANSUhEUgAAABAAAAAQCAYAAAAf8/9hAAAABGdBTUEAAK/INwWK6QAAABl0RVh0U29mdHdhcmUAQWRvYmUgSW1hZ2VSZWFkeXHJZTwAAAIdSURBVDjLpdNfSFNxFAfwX+GbSGjhg+JDED2YBYVGSPiQJigYRRZGUBD0UuBDT2rkIjOV/LsH5/5oIlE9yHSbFsy5TV3zH3soZcQWtD+CmjPXcru62f127q9YM8gH93D4wf1xPuece89lAFgy8d+LrtOyLGO2WudOe+t1pQ55LJnq0ea7+b1NVTmgMFCU7wmEmE1EmRewh4E3G0DeZwQz5hETNjD29CxHOCDPlR2MsnHtFjNFBTYOgVkQYVag7SuwIAD+GDBL51QY1pF++EzP8PLBKQm4wwHlsYZUkb2fQs86oPkG9FCMhgAbVTbQ6RB+P5cHoKguwNJEBzpuH5WALA5os9uPI+XDRw5c8gEVFPWrlERtWwmZoFDR3a3l7cHaAriHqqVkxF/idJrmMtKdPqioyhU/ULkEyFaAgSC1HgFGqAvFOjxNzqC19QK+vHu0G/AzbSOer31HHVW9QcBNAp7Q/K8JcEcB4w9AH8Jwiw7OgeuYlpdKwGIcCLMxPVXY4a2X0luvJegVJZs2AWXgJ0q8EZR4YjPX9BwYri+UgIa/e3DANovOANBPM7+gMbTU8kkXfQm76M2fdKB5rWqrzNV3JicTi31Xobp3QgKK4oDliFK9ygzhTWYWQ8wkrjDjtvmwxp64E5RQrLmfxztInH/PRfoHaNE9Pp8U8GlOUZEUwJPNrRfjK7wvYPDhOQmo2Q/Q/ecvlM5DiXe/ADHD2LkNLqYxAAAAAElFTkSuQmCC",t24saJUTLnhC
bgreensallk,Bebe,Churchward,Greensall,2000/10/01,Nicaragua,"data:image/png;base64,iVBORw0KGgoAAAANSUhEUgAAABAAAAAQCAYAAAAf8/9hAAAABGdBTUEAAK/INwWK6QAAABl0RVh0U29mdHdhcmUAQWRvYmUgSW1hZ2VSZWFkeXHJZTwAAAISSURBVDjLfZM9a1RBFIaf2d27H1kLTRUQEtAUojYpxA/yA1JYCKmtxE60XSxSxCb/wCJiY2NpK1GwCIEgpBBCQK1CihVMcM3m7p2ZM+dY3E3YuKsDw5kZ5nnn5Zwzzsw4HenpE+P6TWRjAxPBUkJjRIcxW1rCPnyi/fG9O2VqjIxRyEZAFSn3IliIo8hfAlEwEdR7VKQUEjlb1yYIVM4JhIh5D3NzJO9R70nek4oCNz+P5gMshP84CHHVHe6tNG71ad2tQ606PHdIXhA+75JCXP2nQP3+/gFS6ccbDy/4+iwpVTApcJKTDfZpVt723b10MMq40yrYmzu3wb0LC89nfGig+S+kOMFigUkAV6XRdEx9fdkl2oPs2e72+Rwk6ci1RzNeWqS8RwolaDGgRY70fpIf9Shml2f0OHXGkmgqi7F9BR0cl6AEkIhGj0lA4wD5fchApsCnxfEcqE2rVbFYoBKwFFEp4RSGIr4geUGTm55QRiubSOKZ9bOZhlECljymE/rA1I5c7IOm89bFl3mIHlAQD5GjcQcpbtZ6e7hahqZwznr5cqKStWj6H0hgc9zBQNdqO6+7mcupZE1QxVL5JzCj2mrTaGfUvmx1TStrY30AEF7MP0ZYDQvLM0X9MkkU8znEnPrJPrWdra6KW7m4/m19ogBA0bl6W/vSIeqimpsmgZk7UmFT69napVfft0fv/wFUf661fqqpcgAAAABJRU5ErkJggg==",LMNYoF33
mbauduinl,Mamie,Rames,Bauduin,1981/02/16,Argentina,"data:image/png;base64,iVBORw0KGgoAAAANSUhEUgAAABAAAAAQCAYAAAAf8/9hAAAABGdBTUEAAK/INwWK6QAAABl0RVh0U29mdHdhcmUAQWRvYmUgSW1hZ2VSZWFkeXHJZTwAAAIzSURBVDjLhZNLbxJRGIZP22la6KLpou1GN11QKGW4DFTH1phorZcYi8R6w2ooAlUSjUStC39A49I/4sK9f8OFLoyCwZAAgsMwc87x9RuoSXWgLt7MvGfO+3zfnAsDwAaJT0094+PjlojHTc7YpWHz/g4x5hELCx16Qm5eg9zOQGZzEMeOQyQSsLze8v8Ab2TqOuTT55C5R5CPS5ClPYhsAfJJCXY0htbkZH4ggFp+LYIq5I00RDoDQz+DRlxHM3YSxsoq+K27EDt5WDMzlsmY5gIIn0/Il6+ocpECazDip2BrOuzYCViRBMzoCgT9El+/gEYgUHN3MDLSlMktCFKTQk5QRCgUjoOHYugsRyC3bqObvodv09NlF8DWtKYsvYDM5NCmijycgFA1iOUoeDAMM6BCXEmiq6+ioihv3YC5OdlbtJ0cOlHqgKryYAR8SYXtD/UAMr+LzvZ9VP3+7y6AMT//rq1R1UIRfOMyTAKYTnAxSOEQOLXe2kziq28RHxnbG7iNrdnZ991kCuJmGnK3CJmiNblKPvOAdiCHaiSKT4pybug5qDO2VB4bQ23tNIyNi+CFhzDObqC+fh5lVcXnQIAfeZB68nqloSiojI7ii67jA73XJibQIG8zJo8GeDxZUAeShi3ST+fzP/4HY9nhAMYscTC5Q2oxViFfOeQdgDUQ8IuxO04l+wBg9kP75PcP+V4XbZrrAlC4TmpRxarTBV0sy3ZuZ18W78OrpBYB639yvwHcmnk0jmx5QwAAAABJRU5ErkJggg==",cOZVsM
aneilm,Andrei,Wickardt,Neil,1995/02/26,Colombia,"data:image/png;base64,iVBORw0KGgoAAAANSUhEUgAAABAAAAAQCAYAAAAf8/9hAAAABGdBTUEAAK/INwWK6QAAABl0RVh0U29mdHdhcmUAQWRvYmUgSW1hZ2VSZWFkeXHJZTwAAAKDSURBVDjLjdFNTNJxHAZw69CWHjp16O2AZB3S1ovOObaI8NBYuuZAhqjIQkzJoSIZBmSCpVuK/sE/WimU6N9SDM0R66IHbabie1hrg0MK3Zo5a8vwidgym8w8PKffvp89e35RAKJ2ipp7WDxvjltZ6jwCr5W2bpHHtqUnx+77877jsZxzlO3roAWXuw5ha1pl9MZdAW2ig8RyXyL8rnx8G6uH387AMnUMC2b6l10BJPdAfWDGhZVREuszT7D6hsTStBNDurO+XQEZnEypx1a28XW2F8HFPqwtOBAYJlCde9EeEZCy4sTN4ksrRA4LZB57vZCfMElUyH4E7Ap86r+LwIAGIy03cDr/lDNJGR/zDyBiHGc3i1ODjUIWtqbdIIexVY86kwZ3HijR/86GmqFqJGhPWs8oTkRvAgb+uZGHhVfRV3UNni41OhU8EDlstBSkwjKjhnmqAg3uUtS6y9Dzvg0ljmKkFCaRm4CJT+/5OERtG4yqZMEwdQt1biV0EyW4PVEE1dsiiMk8eMn0/w9Wp+PCNK1CQ6iBYeommkIpH5Qhy5AF/6Mrf4G955tUJlXxtsHieeWQ2LJxvVuAAkoASUcmLugZPqW0qsprEQjDx3sY3ZIMhXt1+DNw77kdmnYKSsKKx+PfoTQtYX9KtzWG2Rod6aujaJwWHk8+uDawGITeA+SPA7nDQOYgwKcAYhQQajyIY9eQEYE5feLPyV4jFC8CELkAkWMDQmoDPGsQaWYgzRjEU8vL8GARAV8T099bUwqBdgzS14D4VaiBA8gZALJ/t6j1Qqu4Hx4sIvChoyDFWZ1RmcyzORJLJsDSzoUyD5Z6FsxKN+iXn/mM5ZLwYJGAX0F/sgCQt3xBAAAAAElFTkSuQmCC",NVP0ekcB
hraithbien,Hazel,Joll,Raithbie,1961/08/11,Argentina,"data:image/png;base64,iVBORw0KGgoAAAANSUhEUgAAABAAAAAQCAYAAAAf8/9hAAAABGdBTUEAAK/INwWK6QAAABl0RVh0U29mdHdhcmUAQWRvYmUgSW1hZ2VSZWFkeXHJZTwAAAKySURBVDjLbZNdSFNhGMf/Z9txO8t9iBuHvvzIaszcXKlBV5qUehFWLmkVQWAhGEQjom4isIugyIuBRHUTpRdBSFYIdllQoRlq2ccWbpCGms7PTXc+e0Yqw+3Ajxfe9/3/znPO876M3+//qihKPjEVCASKkOHxer3fRFEskiRptKenx5m6pqPgTlmWnxLnfT6fmklA4SRtRN3GNR0F9UQD2UV7U5tk0OghSCoEBbhgb8f2bODs5Q86ClcSxRsFGgoOE/eJYB/7kItx85zGaONUzsaF4eYs3AQnCMIv4jExlFYBBc1EJSFZ2EG8i31CufYeNLIDvdHjGJpzQRDOSfT2k4Qlk0AkwrTo4vVARW425oQWLMXdiM7XILhoT36/QiT38GkCmhRWBXtq+SJkMUZIKETM8hfY0gGFERHxbLI2HrZX+++MLGUSmImjPM+X9l4dT+uAntWgqTYnb5enkTlRPbmYSbBAdIfDYclxs7uMoy6IMiBQQ5tsD2CLRWAwljDmzXtR5bEYv3cdq3A2vOhf7wL92SyikNB+TNzGgjwKRU72Hhib1SM+HoLJZoW88BKF+5u1ckK48aWjjk0VsKsC5n8XLmFO/AlJpLMwEUWu4xSw8hl9TzqRbV2GtCIcIerXBVT+PPGMYJNdqKeTY7S1YJuuGfvMUZhy4lASYUBVIC/1o7DqCiMlErf6AgdMaxWUEqeJgoO2fNXJFagVJo96aOY3rHkeKPFhyi6jzOuAIvyBwRAE7/I5pYTgXxOIxCOWZY1vrk8yr69FmKn2EJPH18BomoYqzQCMFgNdQdquQFkJwr47H3JCvPi2taSYcbvdP6j8HcRwKBQqT1qpvDHXmc6tWk2EBLM0k3rHNNByDkyODCL4qvU5o6rpF/D93bJpVVaMqqJS+UoK6vqI5KiqA/8ArTiuh9VnDK4AAAAASUVORK5CYII=",eQnX1w8
aorro,Ali,Zannuto,Orr,1965/01/19,Argentina,"data:image/png;base64,iVBORw0KGgoAAAANSUhEUgAAABAAAAAQCAYAAAAf8/9hAAAABGdBTUEAAK/INwWK6QAAABl0RVh0U29mdHdhcmUAQWRvYmUgSW1hZ2VSZWFkeXHJZTwAAAKwSURBVDjLbVPPaxNBGH27m5jdaH5ZjU3SFkRiWkwt0l4qFupFEY/Bg/jj6MGLIPQigtCDf4BXLYZKK6UJSL2Ih4AGLGltTSUh1pgaJBXTEkNMY9NNdtf5Rlva2IFvv9mZN9978z5GMAwDrSMejz+sVCo3y+Wyl/5dLtd3h8MxPjQ0dO8/MBXYHdFo1D01NaUaLYPWJicnva14gT7/GK8yxi5WU2Rs8Pv9CAQCHJTJZLCysgKGIU6dKfrGMM+5IgKw6vXdbPl83ohEIsbS0hKP6elpvtaiiM5A6uvreypJ0gD9tLW18YLLy8toNptgh1AsFmG326FpGjweD3RdRzqdJjWm2dnZgIktXA8Gg6jVamBsYMWwurqKUCi0xyvmDaxWKxqNBsc6nU6USqUrImOs+Xw+dHR0gO5us9ngdruRzWY5G0Xu4wyCh9/BYmqA+QRVVakzpLZm2m6jLMswm82oVqs8k2GpVIq5rEIuvcbRrmHkc69gls/t6Z64XYAysSmKgs7OTq7GYrFAK8Xh8g7C7jkDpZ6CRV/nePKEF2ATRRRFUND9SB5lQRCg13/gQHUetiNOaL9m0N57A+byG+hak5OxszIpeJtIJLhkMolMpE3DYLEWw7EeZmZ9EXPjEzjk3IRU+QTLZha5XI4UJEQGvlwoFG7FYrEvyWSSM1PbhI0srJIGm+s39K2v7I6McWMex4fvQsu/aGz8LIywApeEbQ/C4bCbze+wuN0d8DudxWfwnr4A2ZyArhb+9lIwQzrYj2JWRCERfnB2ZGFUaH1MY2Njpzz6h3Cw+8RA+0mFsc4xqSoWohn0h3ogSA5AuYj3T+6vGbp+XtjvNc49Giz0XpvwSWIeRrNMPdq1K0JSAiimk/j8cjRiwj6juaXKi49Dm4bOek2G7oSxk8GNNtr/AJE93CiYMK0yAAAAAElFTkSuQmCC",DiKxNRZCTMr
kconwellp,Katrina,Kuhne,Conwell,1962/03/17,Colombia,"data:image/png;base64,iVBORw0KGgoAAAANSUhEUgAAABAAAAAQCAYAAAAf8/9hAAAABGdBTUEAAK/INwWK6QAAABl0RVh0U29mdHdhcmUAQWRvYmUgSW1hZ2VSZWFkeXHJZTwAAAJRSURBVDjLhZNdSJNhFMedDj8QFT9QQlFIEHexi+ZFFwrddJERRHTRRTdb9AFJ0E0QiBfBQrLVmvBCsVAG3RXvMN1Ya03YJvsqFbMJNXNjsBbhhox9r/17zrMpih8d+L/nPc95zu+c93nftwpAFYmZRCaTndfpdL6BgYELLJbSWkVShUIxotfr3bSH1vbq6BJkzs3kN5kQjUbhnZ/ncbAiul+2WHjui9m8l6s0rpJQsFZXh4DLhUgkgm/Mr9bUYLu6mmtFIkFgaYnnaM9KBVCZrgz43tgI0WBAKBSCODuL5Y4OhNvaEG5uxueGBogzM+Uc8xtHAf60tODT4CBe9vTA1teHzd5ebHV342dnJzYYyNTUhOn6eizU1iLKJjoESLa34/fwMGJDQ/gllyPCYOH+fmwx0CYDBbu68INNFWxtxbZUehDg9XpRLBaPVaFQQCaT4SKjNao5FpBKpeD3+xGPx+Hz+eB2u2Fhb4GsVCr9H0DFRqORd87lcojFYnA4HDzO5/PIZrPweDyHAbRhFyKK4t5mm82Gd3YDHrxS4vbzy1A9GcWUYeJowK52AdRd9+YxHr1VYWFdwGrUCu3Hu7imlePs2CnNiQAa3263QzU1irmvLzAXmObnoLHdgtZ2hwAZ/ikTgBX93Q8g0fjJZBKXxs/AvP4a++39mkCA8g9Bz5hIJHYIsv8waYJ0Oo1z90/jqfUGJq1KXjz5QXlwAkEQsLi4CKfTeaTGhTFc1QzimfUm70yeYn4GBFCr1S72G+MkqSauYOReHx+b/PWHF3eo9h8NpaVzO3ihRAAAAABJRU5ErkJggg==",f7Ut0fC7Nbd
ebutterfillq,Ermengarde,Skain,Butterfill,1960/06/28,Panama,"data:image/png;base64,iVBORw0KGgoAAAANSUhEUgAAABAAAAAQCAYAAAAf8/9hAAAABGdBTUEAAK/INwWK6QAAABl0RVh0U29mdHdhcmUAQWRvYmUgSW1hZ2VSZWFkeXHJZTwAAAIJSURBVDjLjZNPSNNhGMc/7+/3Ww5LmRaho0AdQgWpbRUqHmohVIdBp6Cbp7DWpQi8VyRBt+jQpdNuHYLAWEEiORl0CCsbIlGH5YKFbXPE/rzv+3QYipIOH3h5eB94Pu/3ff4gIuzl5EZGZKe4wx7t1cTEjnElIpuXTCYjxhi01mx4rTX5fJ5UKkUwGCQUChGLxdRGjreVVq/X6evrA2ArWESIRqOICMlkcpuCbQCtNQCzy42fGQFjwYrFGLh4QlOtVncH1Go1RIRw158dCwmBvQHS2Q6sWLRtKNAGrBWuDGkqlUpzAMCZ7t+7tLOjuYJqtYqIMPejEyOCtmBNoxZihaun680VFE0BEWHsaP6/1z98m2P6xTyl1gLXHpwvFcprj2YeLt7fBNxNT/bsC/i5JJex1pJIJHAcB6UU6y05Wnv+cm7sLEc6+5ldetmW/vL+3nA8GNicRGttr+NzyRQ/IyJ4nkc4HCYSiZDTKwwdG8Q4hsHucYyqM3xyFOCmA3A7db0do94d9B3ibfY11lo8z8PzPBzHYa2cx6cOEDt+C4A7F54ROjwA4PcAjDaTRltZKS+r/bV2ktkZrM/iui5KKQqlNZZWF1hcnWdq/DnTbybwuy0AFSUixONxabZIP/mK25tjdGCM/q5TrPz6yMKnebLfi4+3LVMzG44Hp4EbQBuwDjxNP1md+gdPcFmX7csAmAAAAABJRU5ErkJggg==",lAtjYT
aredferner,Allyson,De Hooch,Redferne,1976/12/27,Argentina,"data:image/png;base64,iVBORw0KGgoAAAANSUhEUgAAABAAAAAQCAYAAAAf8/9hAAAABGdBTUEAAK/INwWK6QAAABl0RVh0U29mdHdhcmUAQWRvYmUgSW1hZ2VSZWFkeXHJZTwAAAKKSURBVDjLrVPPS5NxGH8jPES3HfoThC7SJaqLgjMHojB38SJGoHgQA7Fsgr8SwamMbQotPKzDRsjY1EYkBaLODWXWpkyXijO2CqZzbmkwmts+Pc9THqToUl/48D7v5/s8n+fX+yoAlH+B8l8FdnZ2ygj27e1teyQSsW9tbc1ubm7OhsNh+8bGhn19fd0eDAbLfhPY3d0tp8DY/v4+jo6OkEqlBMfHx/JMJpOCg4MDkCjW1tZigUCgXAQoWE3BxXQ6jeSXON69cmLBZsZLw2O4nzwQeEb0WHhuwfvXLvL5hMPDQ6yurhZXVlbUXHaIg8/OzsTRpL35V3hG9Tg9PRURv98fUqick/n5eRSLReRJ5O2zETge3sPTRjUsutsCa9NdvHh0X+72QgFkMhlpaXl5+avicDg+JxIJZLNZ5PN5eeZyOQFX9idQ24hGo/B6vVFlYmLCiV+HS6PpgwXPB8fgcpmLxWKg4UkwbQqLi4tmpaKiQnMuwI60JkxNTWFsbAw2mw0Gg4Ez8eQxPDwsHN9NTk6ir6/vmqJSqe6cZ6c9w2QywWKxSEbOtLS0BKPRKBwNXDifzyfvtbW1o0pJSckt6ilUKBTg8XjQ3d2NYDiMgYEB1NXVoaWlBePj48KzzVxPT4+IdHZ2ZhQ6V1hkZmYm0t/fj6GhIRGIx+PQaDTgDXFb3Ibb7UZ1dTXm5ua8LDA4OJj9+TkqyiXC1a6urmB7e7sI9Pb2oqqqSgLq6+sFbFdWVhZ0Ot0bFmhtbU1f+Beu09FqtXtmsxkulwvT09OwWq3o6OiAXq8Xmzmn05miuaSpnQ8XBEpLSy/TVm7U1NR8bG5u/tbW1pYlfG9oaGgiqMk+YY7v2Id9fwCSFd62xayLzgAAAABJRU5ErkJggg==",TKSO0GA9Vlz
bgatehouses,Bailey,Coggin,Gatehouse,1996/11/08,Peru,"data:image/png;base64,iVBORw0KGgoAAAANSUhEUgAAABAAAAAQCAQAAAC1+jfqAAAABGdBTUEAAK/INwWK6QAAABl0RVh0U29mdHdhcmUAQWRvYmUgSW1hZ2VSZWFkeXHJZTwAAAE3SURBVCjPfZHNSgJhFIa/C3AldD2ugraCF2E2OdX6c0ZtQAj7nUJoUxZtKn+mwE20CoRW4/hTTukg3xUIugmCp8UMYhs5u/M+L+fwvgKxegRCCSWUcOKO1XSb08as4dat+lq4XQBOsjXvEqBQBHg8z2upJcBJvDFmwhgfn28CRtyxvxEBzVhLjQjwGfLBgD59XrEpBoVYCBgeE4YLucste1xSplBACESjHTCKxB5dbthFx8Im/44QiPqv4jPyelTZQSeLRgWTBTCgF8k6OttobHGBEQK19hgfjw7XkVcjg8kxRnji0XAZ0+Fq4c2Q5pwSufDJh9iT+uKFbCRuksamjAxkLArqPlHllAp5NHRy2BxSRK4vRZ1PmrMDTrA544gSciZT/7pQwowbluHmfuRUutKSy2Wtnj+jSVcdCo7izAAAAABJRU5ErkJggg==",PpiPNNLOO
gkennadyt,Gilberta,Dockrey,Kennady,1967/10/27,Argentina,"data:image/png;base64,iVBORw0KGgoAAAANSUhEUgAAABAAAAAQCAYAAAAf8/9hAAAABGdBTUEAAK/INwWK6QAAABl0RVh0U29mdHdhcmUAQWRvYmUgSW1hZ2VSZWFkeXHJZTwAAAH/SURBVDjLjZLNS5RxEMc/8zyPz25vLFkEUodfhpBFGpQhXSoivFl/Qp46RJeC7OQpSAJZglow6BDsKRCCoEMdKgwTUShfLtZidFhpsyV7xM1dfjPdZLXQndt8GT4z850RM6ORyOVyliQJ/f39Uq8HNBiqysTExD96VJ8MDw8Pmdl5EWkB9gNNIoKq4pwjiqKtAdVq9WZPTw+pVGq92HuP9x5VJQzDrQGqSiaT4czIXnZESkUFMPbENZ52f99+giiK8N4joXH7nBAFhgBD0xG/q7o9IAgCarUaEhhxCJgRABIaGI1NoKpICAOjYAIigICZ3x4QhiGqyrOOWVR13TzvPZkw0zhgJMmTSqU4/PkYra2t7HvwhMmr3UjbEteyVyxZXU5+rZTvv7z36a7Uf2I+n7euri7K5fJ6ZzNjpviBctM8p9pPc6i5jTdzzxmfHeXrl6Wh4H8eFAoFVJWFhQXMjMlvbzl5tBMfeDpbLuGlRveJswDXg80rmBnOOQCcc6gqP5MSTbKb3vYbANy6+JgjBzoA0sHmM6oqi4uLxHFMqVQinU6znJSZK44x+LoPgMFXfRRK0wB/NgBEZKVSqeCcIwgCnHPEccyF45cZnx4jJuLFTI5YIt5/fAfwaIOJ2Wx2YGpqqndtbQ0RqQeztGv+4OrOH82GxkAC5MYfFu/8BdnT67i+1n1kAAAAAElFTkSuQmCC",CFfsrwC3JoNf
dlindsellu,Dollie,Jermin,Lindsell,2002/01/04,Argentina,"data:image/png;base64,iVBORw0KGgoAAAANSUhEUgAAABAAAAAQCAYAAAAf8/9hAAAABGdBTUEAAK/INwWK6QAAABl0RVh0U29mdHdhcmUAQWRvYmUgSW1hZ2VSZWFkeXHJZTwAAAHHSURBVDjLjZPNSxtRFMX9WPk/VHBpoZRiJEtx0S5K20XFTVEKCq3g0hYXLhu6SjeFZJFNcSluxH03IiJocYINpgkYxEXSfDWTzMd7b2bs8d3XzviGRHTgMIt55zfnnpk7BGCIJK8HUgmp5B2akBqJfBogwTk3fd+/CoIAgySfI5PJfNUhOiBJZtu24ThOpG63i06ng3q9riC1Wg3ZbDaChOZhAtABxhiEEOpOsiwLpmmi0WgogOu6oJfkcrl/EB3gd/Pgf44VIISQodfrodls9o2kOtEBrLQGdrYSHZAjqbnDUVqtlkpSrVZvALz0bswuLMwaO0+/8eJ78NM34JU0vPYBAs+OQSgJ9dFut3XAck78WgUvf4B3kYY4/wR28hr2/hTYz/VYEhqHOiHQDaC4OMpP53Z5+aMEfJGAFNz8PFxjCYEvonE8z1O9EIQU68A8fvGY5V9CVFIQpQ3Ye4/gmYVYYZQiLJfSxADWj2fPmfEKzuETWPsPZfwExO/vyhSKEpDI3A84mnlrbE1uBrwFX4oVP4NfbveZdQ38jIN+Xz2FrtsAf2/bgwG6igD/IdOyIIce3Mcsz1pqezXAOEHusc6haPXHrwEWI98D8WYq8gAAAABJRU5ErkJggg==",ozjyGhdnIj
klampettv,Kathye,McGreal,Lampett,1991/04/20,Chile,"data:image/png;base64,iVBORw0KGgoAAAANSUhEUgAAABAAAAAQCAYAAAAf8/9hAAAABGdBTUEAAK/INwWK6QAAABl0RVh0U29mdHdhcmUAQWRvYmUgSW1hZ2VSZWFkeXHJZTwAAAGqSURBVDjLlZM7S0JhGMfVox+gqYZuQkMETYZNQmi2+QGKligiCBoalFragoqGzDM41NRQQy4VKDhUSyC0NLR1EeKIt7wePV7/vc/BI97NF36cA+f9/97neQ6vCoCKrVGGgWHswyRDQxkFVU1gkCQpWSqVKuVyGZ1g3+Fyuc5aJYrASOFsNgtRFOukUikkEgmEw2FZEgqFwPN8k4SWmgS0IZ/Po1AoyE8ik8kgmUwiEonIglwuBzrE7XbLkjYBhRVIQIF0Oo1oNNrWUm0m6iYBa6O+gd6pb6WVWCwmVyIIQndBK40SqoTmEY/H/y9olFA7NBMSDSQgisWiPBeSEAMLqIrvWyde1mbgt+jwtDIBfl7D9xRQSCHoOceb3YT8wymq716I17sIbM9WfGbtTl8Blf+8OoUcC8NpAxxDwKEe0eMF+Ba5z75/gaCyq68eNK7EwQj8Zm21UVDtNoPH5XFkL9YBFpLsKvwyglscfFbuR7kLc2zKItvc8TJ93ZwgsDkNwaFHZE+Hjw01/DZtxWvl9hXBGEl6XeXLpWH+zsIJVPa9hQtfmbgjyv4BPlWugike25IAAAAASUVORK5CYII=",4vqp4ky4
nhaseldenw,Nikolos,Gilfoy,Haselden,1998/11/30,Ecuador,"data:image/png;base64,iVBORw0KGgoAAAANSUhEUgAAABAAAAAQCAYAAAAf8/9hAAAABGdBTUEAAK/INwWK6QAAABl0RVh0U29mdHdhcmUAQWRvYmUgSW1hZ2VSZWFkeXHJZTwAAAILSURBVDjLjZPNS5RRFIef+753ypJEs4UJftOmImosSGgREn0tBBdRLV2EGLooCIoWbSL8C2rdQmwXGBUzQmkx4LIPaJLSQiYtRkyz0Xln7j2nhShKOnjgcrgHznN/93ygqmznzLS16WbxgG3as66uTeNGVdcu6XRavfc451j1zjmy2SypVIra2lpaWlro6Ogwqzl2Pa1YLNLc3AzAerCq0t7ejqqSSCQ2KNgAcM4B8Hp85WdewQuICt7D+YOOKIq2BhQKBVSVeM3vTQsJldsDjGWqEBWcrChwHkSUzqOOfD5fGgBwYv/sFu2sKq0giiJUldHve/GqOAHxK7VQUS4fL5ZWsODnUVVO1WX/ez33ZpDxJ4OcnPpKcvTeFPDwbNL1rwFujfU07qgs44JeREQYGBggCAKMMTTMvudIbIb4pWvsbDrE8odk3ae3w/eHz8Rya5MoIk1BLCS98BFVxVpLPB6ntbWVyokRDpzupGxiBPP4Krsnn9LYUB2q0RsBwM1UdwXevKqO7WM48xIRwVqLtZYgCNiVm6espgn6hqB/Du5MYnOfCcU0WgDvfI93ol/+jpvyQgWJzAskJoRhiDGG5fI9LL17TvnQdaLlnywBi39CfMi0UVV6e3u11CIdXkpzLMxQX13EBhkWs45vvywuL3c3LFMpS12pv52bm+4OvWnwof5QeHQu6R78A6o+ZiAxKKNtAAAAAElFTkSuQmCC",dgLeCoU04
cferrarix,Clarke,Paice,Ferrari,1981/06/16,Argentina,"data:image/png;base64,iVBORw0KGgoAAAANSUhEUgAAABAAAAAQCAYAAAAf8/9hAAAABGdBTUEAAK/INwWK6QAAABl0RVh0U29mdHdhcmUAQWRvYmUgSW1hZ2VSZWFkeXHJZTwAAALCSURBVDjLjZP/SxNxGMf9B/QfiVB/ytCaoS7MDEoMYlgswi+FkzQsjNZQNKX1g0s3ZkTppuB+smJSOnOiGTa1lLHt5rZ0c05trX29fblt7+5zdJIK0cHD57mHz+t1z3P3uRwAOX/H4uJisdFoHJienl7V6/U/JiYmful0Okqr1apGNarSo/sPEpPJlMvCShZOud1uBAIBhMNhxGIxhEIhWK0WqAa7GbWySzOg6M07JPgDv3c6nchms4jH4yCSra0t+P1+pNNpZNM0GJqC0TCGp33353ufPMo7EJAnEziVSoFcDMOA3DscDgSDQU6apHeQiFqQSWxgavI1Oh83azgBCxexbWei0SgHRCIRTuL1emGz2UDq6TSDWMiGZNTKdZFio/VuY+Ze253iHBZWejwekKAoioPIzETk8/m4PJkIsQIzC7rZ/CfbYRLz8/NoaGhQ5hQUFOB/orCwAL6FZ/BONcG3rIHL5YJYLP7GCcxmM+x2OxYWFjAyMsIBZN3e3ubqJO8QnYR/qQVMZAm+GTE2l99AJBL5OQHZxENEQoLU+Lp9dhB7xjowQQ2CZhn8n6Vwjl5Fe11Z5JiABA/zdce7ZiQD40jsSJHYHUJwTQraLcP6QGnm2Ai8iKz8CLMvGxF19oHevI24uw309xug7bVYkp5O/fMlXqnIh6H/HFbHLiJMXQe9cQlxpwgxG4Hz0VNzQsodJIVCoZybm8NukP2U3nVYtr7C8mkAdl0t26oaMUcNaEqIlednsSYXwtQtQMvlU4aDkyiXy3O7ejoN42+1cO1bOYlLL2ZnHkZ4vQi05TxWVGwnk8N4NaRClbDso0AgyD30M8lkstwHD9tfNEnqmYkPOjgnbyK514MYVY3lwVIM97ei8kJlqry8XMnDhwR8SCTNJfVNt9RDHRX7X9TC7ExPSUZy7YynqrpSzcLFR/f/BmKF4lxymSkBAAAAAElFTkSuQmCC",YHjI0W
egelsthorpey,Elvyn,Salters,Gelsthorpe,2002/02/08,Colombia,"data:image/png;base64,iVBORw0KGgoAAAANSUhEUgAAABAAAAAQCAYAAAAf8/9hAAAABGdBTUEAAK/INwWK6QAAABl0RVh0U29mdHdhcmUAQWRvYmUgSW1hZ2VSZWFkeXHJZTwAAAH5SURBVDjLjZE/SNRxFMA/7/f9eadWnmGBIl3fk1oKGsMh6KA/Bw5CUzS0NbVlkFs0RATh0HLi0CDUEmgQtCiBJA05hf1Z6pQT7Wqw4C697s7vew2BKYreWx7fx+PzPu99xcxoJvL5vFUqFYaHh2VrPaLJUFXm5uZ21OOtj7GxsREzy4pID3AEaBERVBXvPXEc7w2o1+tDuVyOZDK52RxCIISAquKc2xugqqRSKc5OHKYtVqoqgHEo0WC8/8f+BnEcE0JAnHHnvBBHhgAj8zHluu4PiKKIRqOBREbCAWZEgDgDozkDVUUc3J0FExABBMzC/gDnHKrK8zMfUdXN44UQSLlU84CJylOSySSZL6fo6+uj6/ET1i+lGVie4PWFUQ3OloH85amNh7sCBluv/puc+Weweu4onQszZG/cJpk5LdX5qWOfZ6fvT19sWYt2u0GhUEBVWVxcxMxYe/OMk9krtBZmkPFrtC+8wB/vciZ2a4eBmeG938whBBLlVVq7MzAw9H/YvR6cit/xjapKqVQinU6ztLREb28v5Y5O1t+/4sDLm9Sq31kHKmVHcHzbtoKI/K5Wq3jviaII7z2JRIJU9jqf3r2l9KeNsmvh10/h64oEg/w2g2Kx+GhycnKwVqshIlvB9FtH94nih4PtDesILloxbDQ3tfHgL9Xv6UA7GgE/AAAAAElFTkSuQmCC",Y8A3lk
jbrixeyz,Jorge,Allitt,Brixey,2009/10/21,Peru,"data:image/png;base64,iVBORw0KGgoAAAANSUhEUgAAABAAAAAQCAYAAAAf8/9hAAAABGdBTUEAAK/INwWK6QAAABl0RVh0U29mdHdhcmUAQWRvYmUgSW1hZ2VSZWFkeXHJZTwAAAHwSURBVDjLpZM9a1RBFIafM/fevfcmC7uQjWEjUZKAYBHEVEb/gIWFjVVSWEj6gI0/wt8gprPQykIsTP5BQLAIhBVBzRf52Gw22bk7c8YiZslugggZppuZ55z3nfdICIHrrBhg+ePaa1WZPyk0s+6KWwM1khiyhDcvns4uxQAaZOHJo4nRLMtEJPpnxY6Cd10+fNl4DpwBTqymaZrJ8uoBHfZoyTqTYzvkSRMXlP2jnG8bFYbCXWJGePlsEq8iPQmFA2MijEBhtpis7ZCWftC0LZx3xGnK1ESd741hqqUaqgMeAChgjGDDLqXkgMPTJtZ3KJzDhTZpmtK2OSO5IRB6xvQDRAhOsb5Lx1lOu5ZCHV4B6RLUExvh4s+ZntHhDJAxSqs9TCDBqsc6j0iJdqtMuTROFBkIcllCCGcSytFNfm1tU8k2GRo2pOI43h9ie6tOvTJFbORyDsJFQHKD8fw+P9dWqJZ/I96TdEa5Nb1AOavjVfti0dfB+t4iXhWvyh27y9zEbRRobG7z6fgVeqSoKvB5oIMQEODx7FLvIJo55KS9R7b5ldrDReajpC+Z5z7GAHJFXn1exedVbG36ijwOmJgl0kS7lXtjD0DkLyqc70uPnSuIIwk9QCmWd+9XGnOFDzP/M5xxBInhLYBcd5z/AAZv2pOvFcS/AAAAAElFTkSuQmCC",CtPpIztR
qcockshtt10,Queenie,Hawsby,Cockshtt,1979/10/25,Peru,"data:image/png;base64,iVBORw0KGgoAAAANSUhEUgAAABAAAAAQCAYAAAAf8/9hAAAABGdBTUEAAK/INwWK6QAAABl0RVh0U29mdHdhcmUAQWRvYmUgSW1hZ2VSZWFkeXHJZTwAAANvSURBVDjLVZNbbFN1HMe/p+d0be3p6Lr7unWMbuCQbR3FQWAEyPASkYe5mHhJTIhhPPngDAQTEGOMIZBpFiKoIWiIhAdgYxI14cFEo1M6O+Zmx1ob2MbYhbEb6zn/y7n8fcCZ7ZP88nv7JN+HjySEwDKfDX6oMpO3Uc5fpJw0UM5AGY0Ryn+U+dZP/OI116evB3WsQFoWtA+c2MUM/vVmf2OFrLhhSBYKPPn4Z3wInYnL54LSF4PcMA9zbh043xr+eZXg9F/Hm0POys5cbwke8Fn0Z4YgCwe2q/W49MdXcx6zucEn7Y01VKqBxMhjjE5mXrlypLYLAByn+o8HKKcXC9QQ+jIp/LLwOxaMRVR6yjE9dR+aRo55RdN76wvcgcIcN6qKVRDCLz5/tCcAAA6dkbaof5eaJuMY0pPQTYp8OQCVOnF94Gp/UD5zixKjtbLMi+EJikC2C1WlPpXqpO0/gbZPdrowmBkGNxmyHSpqs59GLPUbyBJ9x2BKR2SdT+aGjfFZjtQUQ1GuF5TQfU8EhG5kkgkHJETUTWjK2YGpu6OIp+MXQt5vSghh0Rp/EsFHpwC6iLFJBpeigFFSAQCKRnRS6M7LavRtwfTEfZzra59jGu84Mb//bHIxrvy6Zu3dAq37mdLwDtTP/oSbCy+BcQWcUBkAFF0n93rv9ERu/N01wwg7eWSy9ErTnPctoSeSO/X4buf+7XklZVuQXVyPGtcHSPvq8OBhITgj6ScTNPJt98C1Q+1j4fqb6Zpg04x7yCgv+9iS5cBCnRXelns7z5fnh/X4O5TXv4md6g8YSY3BYOR7AFC60pELQicnhU7OGOHyLCNcDtuyoNwexFIV3g7VviqD9iF2qRvbDr6PPNIL76JJTSO/AwAcIqMp9lLmDbY1msWrKkCSw7A1At2vwxWKvOzL0WGze4CwYWV6UbG7DYdqYrPXmzspADicn5+dsZe0A9KtOJAYhrOoGBbJYG6TCX8oAlsfgLAJoi0bYPMJuN0prNvcEjQZf3dVC0uNe54TlH7Jw2srFqslOJueRdF6D6xMDEJwxK/dQbSlGpK8BvC8gD/PH3sobHuPtLLG+eo61WL88Ghr9tGNBy9nyY4RCHMegFjRnwOyZwOmE/1I3fjo6irBMj2no4+EZT8lbAFh2ytO/P9h2xBCxP8FbMDM8CUkkoMAAAAASUVORK5CYII=",EfLlN0exXyP9
pmacgarrity11,Paula,Dunbar,MacGarrity,2001/03/09,Peru,"data:image/png;base64,iVBORw0KGgoAAAANSUhEUgAAABAAAAAQCAYAAAAf8/9hAAAABGdBTUEAAK/INwWK6QAAABl0RVh0U29mdHdhcmUAQWRvYmUgSW1hZ2VSZWFkeXHJZTwAAALiSURBVDjLhZJdTJtlGIa/hISExGRHO1BjthEiRp1HzHgEo4vGYTAkGwElohkpyIYRyFhZgQIBAorVqtSyCmxpC8Gu42dFkLBVWBijShYYPxJBQYSQEMeQn69rbLl86uaMMN3BffLmve7nen8UQPlXBqzREiMeywgD5gBXTAF6a0foqTLSZojeuX8nnC+gircVxjolbhjtgOt26DeDq0DFmZu/u2DAGk7/uR6GHXDTJZst0F2DTIWOEmjTQacBPB9Dux6+TOvBkhz+T4HHYsIrcKigtzYgoEZ0Ix5Maj4VgU2r2XQkBaebU5nprGK08RXGzM+lC2w+yLefBRhukYnVATrK9tFe9JjoVoruEI7sIWwnKpe6nj6x7NGxdqsLNpa4c8vF8Eev/qbQZzQx2CR6ppCuhnbdk1zM/5mvK6A1F1pOsuVKYXWiZNv/62WW+2tRx9sIzA8ycV77hyK60ww57p3NdTpCdC/iLoemdCfW1LhV56GC1Yni7aA6iPpTDre/e48f7BlMNqSjGl6YUUTXz5DcslOmObLDRFfF/i6cOx432XeqfHX8LEHfDbZm38a3kMb6lJ6FL2JRL2hBH7mmiK6fwUawa0O3G0F9CtQnrdz8JMaw/L3uPpyO75c3+X2iiFmzZt1neOavo1F8YEOR253hUgGiq1KXFI4pIba74vFjU9+cDgbVa/jmMri78BZrYjJjPnJ39sMXowRcpCYmVDCpUP/G+6KbyeeJe0JP1pD9VMZkt56xHhOL3mS25tK4PVrIj3XxK9PGlyIfPG3xgThJsrLzazo/OALr80xbj+PRP8H1+qNcrYzFZjzTsOvb7/rKkgrt8wH/jTr83k/xVsXzVeb+gKW2ZLu6unqztLQ06pEFKYf3BmveeZarNQnBK0bNgFt3MFJgu8AbhYWFbf9b4Ha7X3M6nYs2m61450aBy/Ly8vpzcnJe/s8Cga0Cv/6ws4YicGJWVlaCJOzvtT8B/ZHVkQhA0SkAAAAASUVORK5CYII=",Hj4EimahBY
edelaharpe12,Errol,Daughtrey,De la Harpe,1968/12/31,Argentina,"data:image/png;base64,iVBORw0KGgoAAAANSUhEUgAAABAAAAAQCAYAAAAf8/9hAAAABGdBTUEAAK/INwWK6QAAABl0RVh0U29mdHdhcmUAQWRvYmUgSW1hZ2VSZWFkeXHJZTwAAALcSURBVBgZBcFNiFR1AADw338+dhl3ZmfdXbf1a4NCwUSQOiREBVJhpmRoByGQbp26FJ66d4gI6iIFJRYRdQjCSiglsDIxNEgsK61tcc3WrWbmzZs3b95Hv1/Ye+jx0zNzM7ur1SoACAAAggAIyPLC7b9vn6nNzM3sfvv1d4RKkBUjAARBqRRAPIoQlGVFWZRKuRePvrC7Vq1W5TJh9L7+F5esPR1bObpgotV09eq3fuq/aXmlo9WadGu1o1qr6/YTR/aW6rWqCkCns6qzbUw3isSnroiim6IoEoaXDAc9g7gnHUQGg0iW9IVQIKgFQLu9jnJkzfPTvHzR+MFZc+s3aIyuGWRbtKZaxqoVtfqYKE6EMERQAYJOpyOKev6by3XXZgYf/UZeKOOzRsNI3OsbDWPDpC8dxkIoQQ2g3Z6jHJlqT+o8d4+1x1ZlD683Pju0kK6qNzdbM15VH6vrxSm6BCoEkCRD/SjW6Xb0JnL/biU5cV2ZJyrpZ07+uN+X1/fpR/8o0r4AgkoANBpTmpMz2u15reY69Wd2aizWNPI7bZi5YZinNs1uc/LaAdvn31KtFAJqAdDr9EXREH3f3/jLqSsXlI+k0u9+kWaZDdNbbZu/Xy/pe+mr97z21H4BNSEImJya182Gfohjf6R1WZF6dPsReVnIi1yhtNxZsmPTA6J04NkP9tgRnlaDsiydX/rdpRs/azZbkiSRZKm8LCyu/mpUZLJiZJSPdIc9Ozc/KBrFzg7eVQuIs76VfGR8rGmi0ZYMU0mWyPLMHZMLsiKXl4WbnT9NN+ddXPrG5eUr7u0eUCMIoaJl0iDExvOGNaEpzhLHz70iLVJJlrp7drtddz3mwuLXzi+e8+rBEz4+9qlaluXyPLdxeqeNMwQQ7NryJAghgMPH7hMqDZeXL3vj8Ic2Ti3I8k+EfYee+Hzd3Oyear2GIAACAOBM67i0LD3UP2RCS5blVm6tnPofTwlmPORvTlwAAAAASUVORK5CYII=",ROBsvq43o
tbrisland13,Timotheus,MacAskie,Brisland,2000/01/18,Peru,"data:image/png;base64,iVBORw0KGgoAAAANSUhEUgAAABAAAAAQCAYAAAAf8/9hAAAABGdBTUEAAK/INwWK6QAAABl0RVh0U29mdHdhcmUAQWRvYmUgSW1hZ2VSZWFkeXHJZTwAAAGJSURBVDjLY/j//z8DJZiB6gaUl5fXw9g5OTkOqamp++Pi4uaHhYUpwMRtbGwKjI2N52tpaQmgazYoKir6n5+fnwATi46Onh8cHHwfWZ2BgUGAurq6AoYLiouLE3Jzc+enp6fDNQQEBCh4enr+t7OzC4CJqaioJGD1AtTJCkAn/wc6OQDJyeuBTt4PYisqKipISkoaYBiQmZkZkJycLABiA52838vLaz+Skx20tbX/y8vLK4iLiydgDcSEhISAiIgIB6CTHdzd3ROcnZ3/m5mZOcDkZWRk7ouIiOzn4+PDNADoZAegkx2QJYBOvg8MZbgrhISEEri5ue9jRCMwlAWATi4AOjkAyckKwFCuBzq5HuhksMFcXFwCLCwsBTjTQciUB0KV655fIpRwoqc9uGqec0kTxQCgZt2uHa++zDr49v+E3a//9+549b9j26v/zZue/89b/PhZ2rxHz/IXPf6fMe/h/6Ilj/+71984rR5+WhPFBYET7gnlL3tK0AWeDTeuwTTTJi/Q3QAAViCHY9kyiUsAAAAASUVORK5CYII=",VuQdQbCQW
rcicutto14,Rouvin,Culham,Cicutto,1987/06/20,Peru,"data:image/png;base64,iVBORw0KGgoAAAANSUhEUgAAABAAAAAQCAYAAAAf8/9hAAAABGdBTUEAAK/INwWK6QAAABl0RVh0U29mdHdhcmUAQWRvYmUgSW1hZ2VSZWFkeXHJZTwAAAGGSURBVDjLpZM7a1VREIW/fXKTIhAfVSQIIY2PWkEELe0FiZVgWkvBVhCsrLUQ/AdpxCKIhelstRCiAcFExEbRhAu5j71nLYtzvSeHXF9kYLOb2d+etWYm2eYw0QFYefTmNrAIXALOgY1JyFRVokogCQU70x1/OH3yyHlk7lw7k7DNzYevn/g/48Hqhm3XFQCXAW6sXscIy4SEJCKCCBEKIgJJvLi1zvtPO4OxBOQTAMM8ZH7h2B81b25sA9Dr55kxwPYsQM6Zz9tfsY0MViC51m/j0Q3giNQA5A7A05W1f3ZfIfYDEsDyvZf0JWRYu3+Fj192Jz5eWjiKFQBUNaCmfetlLpyd53uvjJPnZmda51e4tAC1rm4/yDZ7g9L6MYfJ0R44qTSANKpgMMj0chD9/FcPXIb7PKChT5rs6al0EODSAFRkIAE8f7XVSuzuDSdXMOpnByCkLWDp7eOrB9z+rQT7RzOJoWfLd9dP2b6IdFwqYGEFVgEHlqg31wZ1oXoHkA67zj8BVEcprN9nEQAAAAAASUVORK5CYII=",mgcZbdUDTm6
jhalahan15,Jania,Icke,Halahan,2001/06/07,Colombia,"data:image/png;base64,iVBORw0KGgoAAAANSUhEUgAAABAAAAAQCAYAAAAf8/9hAAAABGdBTUEAAK/INwWK6QAAABl0RVh0U29mdHdhcmUAQWRvYmUgSW1hZ2VSZWFkeXHJZTwAAAJjSURBVDjLpVPPaxNBGH2zu026piEpTayhJVBzswR/BBVvXiyKiJeACv4LnnsRQ/DqIYcilApevQuWHIpgqIhiSJQiCrEBf9EGarqm2eyP2fGbSZMWjCC4MHwMM+99771vhwkh8D+fcXhTrVYf+75/2/M8gyqoquW6rqxP8vn8rZEE9Xo9RoBH8Xg8Hw4fgUMgBAGUNlI4ORlHubx6k3Z/EtRqtcsSnEgkZiKRCDab3yC7B4FAIAIiEuBE5jjOaAt0eTWdTquNbffgEfh9/S0RBMN1aeGKsjGSQHoMhUKwLKvfmXOcmD+luov97jLovyqQzJxA8pIciJRer72hyimgLsAYGo0owqaG5ZUl8gQmk2nvtKYXF4stpaCflVBEkmA+ewaatYZo6BmMCJ0LDsdOYmv3Ivthxa7R9ae9nn2MassYeOsrkJK5kj4VXsdMbpb2LepJ1qwuxhvPxdef13d1nUm7akiaJBiC+UFw+hgdGiac7fOwv+dgTpiqUdfVlWTf7ys3ZDiDv1EGJy0IGZwG6Bp1TdYphi40Nib7EdBlno/hVJQCOQVd15X0YF8FYwE87mLn8xzeradJnaUA3HPpjq8mpghIwetKpYJOp4NoNIpxM0x/IEMgLToaYqkaTp7dAHqaAuiMjwnuCd/tKNlMyi+VSldpGsVUKpWbO55BLDYFu/UCem+NQjTgenvwHBsvN5JfYtOnZ51u2//QbGVXlh5+ZIdfY6FQWCCiB7Syg8cka+TcXVi2D/PTfS5FKCuZe+LXHhfsX57zjeIr3t7aRDooX2C+lbF5aKJz9M6ytd0UvwHmbqDcpFnnSAAAAABJRU5ErkJggg==",GXWVl5NCHK
lburchatt16,Leland,Duffield,Burchatt,2008/09/13,Panama,"data:image/png;base64,iVBORw0KGgoAAAANSUhEUgAAABAAAAAQCAYAAAAf8/9hAAAABGdBTUEAAK/INwWK6QAAABl0RVh0U29mdHdhcmUAQWRvYmUgSW1hZ2VSZWFkeXHJZTwAAAIaSURBVDjLY/j//z8DLqyaNVPLrnr5PMnESay41DDgM8Cuellm+7rTT0RiJ3Aii4snTGIiygDnupV5c/dc/QF0AT9MTCl9hq5P67qtRBng3ri6ZN2Je/9lU6bKgfgSCZPVJ2+7+CR9+u5tRBng07K2+sCVZ//lUqepCMX0y87cefnO9B2XH4rGTZQgyoCA9vUt5+69/a+QNj25f/O504evPf+jkDbNmuhADOna1Hn50cf/fZvPf7vz8ut/87JFOUTFAq9tHDiUI/u3dd8Fatxy9tH/xCk7FxCMRiGXNCmjzLmrneo2XtLJmLckffqesxcefPgfP3HbUcHgRha8Bgg5p0kANd5OWHXnf8i8C59TN7/6P3PXjf8PX//4H965bg+vZbgjXgOMsuasiVt67a+Ub4GdhHeef8LaJ/9n773zf+nZ9//Tt7//H7vsxn9Zz7QUnAZ4de375Fi3Ahy/RnnTpqdteP6/ZNGpf+kbn/7XjZty0Ld3x2XrgvVfuA08ObAa4NK09XnUkmsvHJvWHU3b9ua/Wd7yG+Y5a14HTj3yGSSvHlZW5lCx/b+QRZA0VgPkgsvDAqcffxO17MY/s5xlp7lMAyVMM1Y8DF9w8RenlqOcWVbfHPvSLX94jX0FcMaCiGu6hJhHlgKMrx83/1jypuf//Sftf5q0+u5/o6RFN0jKjTyGXuyGiQuu25dt+26SuuQBj5G3CLoaAMk4ntedg7qJAAAAAElFTkSuQmCC",xCuhlMVprN
lmatanin17,Lian,MacGeffen,Matanin,1963/09/04,Chile,"data:image/png;base64,iVBORw0KGgoAAAANSUhEUgAAABAAAAAQCAYAAAAf8/9hAAAABGdBTUEAAK/INwWK6QAAABl0RVh0U29mdHdhcmUAQWRvYmUgSW1hZ2VSZWFkeXHJZTwAAAH/SURBVDjLjZLNS5RxEMc/8zyPz25vLFkEUodfhpBFGpQhXSoivFl/Qp46RJeC7OQpSAJZglow6BDsKRCCoEMdKgwTUShfLtZidFhpsyV7xM1dfjPdZLXQndt8GT4z850RM6ORyOVyliQJ/f39Uq8HNBiqysTExD96VJ8MDw8Pmdl5EWkB9gNNIoKq4pwjiqKtAdVq9WZPTw+pVGq92HuP9x5VJQzDrQGqSiaT4czIXnZESkUFMPbENZ52f99+giiK8N4joXH7nBAFhgBD0xG/q7o9IAgCarUaEhhxCJgRABIaGI1NoKpICAOjYAIigICZ3x4QhiGqyrOOWVR13TzvPZkw0zhgJMmTSqU4/PkYra2t7HvwhMmr3UjbEteyVyxZXU5+rZTvv7z36a7Uf2I+n7euri7K5fJ6ZzNjpviBctM8p9pPc6i5jTdzzxmfHeXrl6Wh4H8eFAoFVJWFhQXMjMlvbzl5tBMfeDpbLuGlRveJswDXg80rmBnOOQCcc6gqP5MSTbKb3vYbANy6+JgjBzoA0sHmM6oqi4uLxHFMqVQinU6znJSZK44x+LoPgMFXfRRK0wB/NgBEZKVSqeCcIwgCnHPEccyF45cZnx4jJuLFTI5YIt5/fAfwaIOJ2Wx2YGpqqndtbQ0RqQeztGv+4OrOH82GxkAC5MYfFu/8BdnT67i+1n1kAAAAAElFTkSuQmCC",YiieqfFM4da
mcamble18,Miner,Crimes,Camble,1970/01/19,Colombia,"data:image/png;base64,iVBORw0KGgoAAAANSUhEUgAAABAAAAAQCAYAAAAf8/9hAAAABGdBTUEAAK/INwWK6QAAABl0RVh0U29mdHdhcmUAQWRvYmUgSW1hZ2VSZWFkeXHJZTwAAAKXSURBVBgZBcFNiJR1HADg5//Ou767jblWM9qOyWZSXlqCNMpYWbKo3VMEhYJKEn1Rlzx0CSmIIq20o5fCQ3QSskOXCPqEuhQWXkLsg3V3xtVN23LW2Z1531/PkyICAAAAAAAAAOSw//CpY+Ug7buyXA5fWwEAQAUAjBSsG3Hy0/f2HMqhrNL+t17Y3tzQbKaUcoFABZIIIqhAKAernnnzi4M4lMOVa2XRbDTTS8c/1tq8XlGrlFGQjcoSWSLLklqWzP521tuHXtQvU4IcllfIstydW2939wOTallNREnKSUmWkpQyWZYZqmWqCoAcoEJRDBseWUsEAAAACIEAOUCF/mpPv3edlERUqihVVSYhItRSabC6LKICkANEcHmp7e9LS/rVQBWlf1cWrJa3SYANxVXXu0tEBiAHiODiwg2GLvSACKIpogfgqhEXLgQAyKFCBFltDRVl+4zG6h9aG27x+9wlvc0PS8OjivOfmdnS8MnJE26OKKampuo5QARRlRZ//dy9t4Y9Bw/odru2zs356ofv9a2x76nHFUO5TqdjzdDPw1/+te6NHKKqJLTPfmPHlhvt2n3AK4eP+O/iea2xMRMTEzqdeR8ce1+73XHf/Ts9snvK7Ozs8xkkEB7afpfGTevBa6+/o98f2Lt3r8nJSTMzM6anp/UHA08/+zIYHR0tclg3ki1Vg97oHZuafjnzEzj14RFVWTp69Kh6vQ663a6qCh+dOG76sUfNz8/3UkR48tVT7w6qtHPpn4V71l79sb7rwR2ptWmT+nCeFhYWnDt3TlEUxsfHbdy40XJvEJ323Op33379Z4oIANu2bauNjY1N1Ov1061Wq1kURQ3Z4uLic5hvNBqnMbSyslK22+3L3W73if8BE1ob/QNlaFEAAAAASUVORK5CYII=",YuKZDJEWy2
mrippen19,Marshal,Neat,Rippen,1988/09/27,Colombia,"data:image/png;base64,iVBORw0KGgoAAAANSUhEUgAAABAAAAAQCAYAAAAf8/9hAAAABGdBTUEAAK/INwWK6QAAABl0RVh0U29mdHdhcmUAQWRvYmUgSW1hZ2VSZWFkeXHJZTwAAAL7SURBVDjLdVP9L9RxHP/8A/1glR6WlpsUh1Me7nvuvs7RHDaZp2XkoR1WQlbJ01J5GHbOU4fuPM1TK3Uh8pCHIs2wlkgphJ70gMTcZbJXTs1y6Yf39vq8ttdrr71f7w+hq9nEtoVHbO/zCP8eh9CtVoTbxnnqVM33DcpzJsZtpl8E1yktYQ1NDiboEwAbhqgN1GDVRGLTzGGqMV/BfuhQSSH0otBuW7E23DyMaE3huoF1DbUG+I1sCOp479SYU8GCRSETzlIOFC/ykJEZDq4fQ3tTA34dZ/1BlTFBFbGQ15WAW91ieN9wgalMFzf7MmFwZT+Msw3xb4JaDni32VxBifkWbqEZsh/E4GrzKQSUsHHy1jEcL/eEUGwJoY/+hU0T8BSWJ2xKLWAhN4C8MxFZTcHwlpvCudgGyY1nUNweDzrVDKxI3bE3NYfdhyu9MFKbjP4iezzLZfoR6wYOoWRG+d4VLpC1RsBLfggucjuIm6IhktGQtkbCQUwjLIeBqfYozA3UAwsf8G3gNrrTHT4R83QWsco0CfQpPQpJSwSEUgqXFCEILOAjvMINIUX+iMrSfz07FL+09O4uph6KoRy8g58TXRgsCVYRXs7vGk2SGJMu2fYoe5SBiHJHpNQH43zlabjHamN6MA4ryi4ox0Ix0xuGl+UiDBT4TvfmuOoTbo7l+kIOnNP56pfvisuKcDgk0QhK0vs4OxiDFVU3Fkf9oXrrg/kXsRiX2Xx6IjliurbEvw3Us1O0tWpnwI4Wp5PbMdUX9UfsB9WkN74/j8Noru38q3RL8/UW1AZ0LkXM0ljEONqQ6IXuJQ2Ju9yHGs8uryg7oRoX4cdbX8ytJhnJtVMOp1P7NtSo2WvhKR3RUEMsnjVm4X2PJxbHfTDTH43XUsHnYQnF+OcONImqNDtgfgLDcg+0x+7G42uO6Egw/zCQyjba9JA0icQg5vJStxRLPdnoSRagKnDPQnOMCeu/n0mT8KS1VCn+B5fbUh2XWyW2HXVRxoz/idXzCw2TfDKYV5fXAAAAAElFTkSuQmCC",7pbnQmr
dlodwick1a,Dion,Stearn,Lodwick,1969/10/02,Colombia,"data:image/png;base64,iVBORw0KGgoAAAANSUhEUgAAABAAAAAQCAYAAAAf8/9hAAAABGdBTUEAAK/INwWK6QAAABl0RVh0U29mdHdhcmUAQWRvYmUgSW1hZ2VSZWFkeXHJZTwAAAGWSURBVDjLlZNNSwJRFIa1Tf8hElq1qCDJxk22CdsErVvbLotQbGFkZBYWRqCghqv2tXHRokACw4IICvoHbRS/8HPGGbXe7hkcGTU/uvAwA3Pf555zhqsBoGFrkmFgGIcwxRijjIKmJTCIolhsNBrfzWYTf8G+IxgMBrolisBI4Wq1Cp7n25RKJRQKBaTTaVmSSqUQCoU6JLS0JKANtVoNkiTJT6JSqaBYLCKTycgCQRBAh0QiEVnSI6CwAgkoUC6Xkc1me1pqzUTbIWBttDfQO/WttJLL5eRKkslkf0E3aglVQvPI5/OjC9QSaodmQqJ/CYh6vS7PhSTEvwVUBQm8iUOcxl2jCSikQBW44064Hh1wPuzCEd0ZXVATBThjNhzE7Lj+DCPyEcDWjQUr3qUvzj4/PvQv+BInsNxuwHFnxdW7H4E3H2xRK0xHnMTt6+/Vgp9Bc1gPr8L/eg7fiwdrl2bozBOb6ruwyIbEs419L5P5Yhlnz8fwPLmwsDdHIYNaoCPJoKtscnNgJUNvn8XM9jSFdJT9BVHxpMfQmzHDAAAAAElFTkSuQmCC",rsnReAAnY
nkleanthous1b,Nial,Miliffe,Kleanthous,1967/04/19,Argentina,"data:image/png;base64,iVBORw0KGgoAAAANSUhEUgAAABAAAAAQCAYAAAAf8/9hAAAABGdBTUEAAK/INwWK6QAAABl0RVh0U29mdHdhcmUAQWRvYmUgSW1hZ2VSZWFkeXHJZTwAAAJGSURBVDjLpZNLTxpRFMdd+EX8BixZ6VfxQ9imq3YzSdNVE2MNyEMYAeUNofIKEBjA8CoiM4BCgiQgaJqWtjySAc2/585iogG76eI/czN3/r9z7jnnbgDY+B8pj3w+v5nNZncEQdhLp9N8KpUqJhKJYTwel2OxmByJRIbn5+fFUCjEB4PBPZ/Pt+PxeDZVAJm5SqUCURTRarVUNZtNdd1oNFCtVkHBEA6H4XK5OBWQyWQwnU4xHA7RbrdRr9eVn8vlsiK2ZnC2NxqNMB6PcXZ2BhVAacu3t7eYTCYQbr4jIP2ErzWHt/0I780jnOIUjsoDYlcDjH//UYAOh0NWAXTmbTrzUmpew3bRA196gONqAndrARfJevkLXzJ9fI5dwxkvwG63L09OTrZVABMVTBuNRpfVegPWlIRPvhI+nF7gHZ/FG4sAzl2AP1V8YX4BYKJKa6nSy8srEZakiPeneby1CvjoKeJrurRiXgEwUZu0fr9/+a16iVStC9/FNSLCevNaAJPX69W63e6nxWKhdIfMT+vMrwKYnE6nl7WtVCqB53nbPyfxuSjyFvV4l9pU6Xa7yOVysFgsebPZvGs0GrdeBdBoami6ioFAADQXoPHFYDBQ3lQXUHFxfHwMnU5XPDw81KwAyPxDkiTIsozZbIa7uztFDHJ/f698Y3vJZBIHBwejFQClzbFIhUIBnU4H/X4f8/lcUa/XQ61WU+7A0dER9vf3ubU1sNlsGqvVylGqWZPJ1DEYDNDr9SztLqWdpcgcmTXPPX8BpLUNr3FYePgAAAAASUVORK5CYII=",Oaly9aG
rlunk1c,Roxi,Carding,Lunk,1974/05/29,Colombia,"data:image/png;base64,iVBORw0KGgoAAAANSUhEUgAAABAAAAAQCAYAAAAf8/9hAAAABGdBTUEAAK/INwWK6QAAABl0RVh0U29mdHdhcmUAQWRvYmUgSW1hZ2VSZWFkeXHJZTwAAAI4SURBVDjLlVJNaBNBFP52d2J+tB5iGjFpvUgJtaVGhIA/p+pBsRcRD4o38ejdQ5F66C235CKYg3goCh4KCh7sRVoETQwGhBhFCfgTG9GC2WazO7Pjm9E0S7CgDz7e23n7vvfeN2PcffrjhpS4KqQ/5vs+hA9w5YWKJTj5AQQEl3Tuv1i8PJEDGfOlvHY+N5LAf9jCvXcz/ZgRmy5efn+HOnPqwuGR94Q38HTWz10/ugjPE+EAgdTBpYNX/qm77RApFxgQqKXJllbXty1iooPwzwac6DjOHs/ADRLwPwTKLp5I4v7aV1w4lkSn09FnT161Edl8g6mZKdRqNXz8NIKItFEqlQ57nveBeURAQoJZwINn67AsE49W69jDNugmBBKUG5+cRCqVgrqlRqOO2TEbnO9+2Wq1VvQKSgVmGTiXG8Xy8zai7mdMZ3OIxWK6SIG6IZlMaujRGUOhUDipJ5C0BTOBh5U2TQB0u11dzDnXxZKmGPYKruvC9PjvgxAVzh0ZRYQZW4Vqhe28qlFTMfXqlFmmQYJ90zH3DfR6PR0Pdw/GegLVTWtAK5w6lNBihkMmHMfRPw53D5KoCUytAX1M79+FL9+7OLA3CnvTIS0smKap0d+5L14oFNKemgu6Bbl2c+lt1hX+TvXCFCZ2AIlKZatzJpNBPB5Hs9lEtVqFbdtaJ8Ito88ctGKxuI+Sp9WIBDOdTt/OZrMol8uo1+tzlNtQxITXfyUYtvn5+VkqWiGcyefzj4O5Xx9ItHsmdOWEAAAAAElFTkSuQmCC",wumPyjLI
steal1d,Sunshine,Pothecary,Teal,2000/01/10,Colombia,"data:image/png;base64,iVBORw0KGgoAAAANSUhEUgAAABAAAAAQCAYAAAAf8/9hAAAABGdBTUEAAK/INwWK6QAAABl0RVh0U29mdHdhcmUAQWRvYmUgSW1hZ2VSZWFkeXHJZTwAAAJMSURBVDjLpVPPaxNBGH3ZJCQkVSEkJJja0MSCabHoSUEKerAgggRy0ZP9F4QeDAhepKeeBA8GPFQCEutdCMRSSYkimouIVqUkNW1iyJZN0mR/zvrNwtbUGjw48JiZb773vvfN7jhM08T/DNfwplgsekjwBuEWY+wMzVMEWrKPNH+j+QmhmEqlDJvjsB0QeZrWz0Kh0GwkEoHf74fP5wM/lyQJ3W4XtVoNrVarRLGb6XS6bhF5AkehUFirVqu8nDlqaJpmVioVM5/Pr9g8wbZCm5lwOPzPnqPRKKjItSN3QEFLsdlswuv1wuPxwO12W7F+vw9RFFGv15FIJKzckQIulwt7e3uQZdna67qOTqcDRVGsMx77q4Ddk9PptBzwZA7q2xJZrWYw0PaRmXwBwzj4CL/vwHbAkzmJgydy8JiiqxgPJpF5eR0aUxwjW7AJD98swGQaVKZDpf3JwBSSkQvoyvtY/XE/+HT57tjrRbF3RMCurjMVV2duwzAZDGaATrEjbePs+CX01AHe19al2QdC4JAAB6/OIZNlTq62v5JlipEbzdDQUbo4d2oOPa0vvN0qtQ8EuHX+qehPRKPRIAEZuqEjfHyCyIYltivVEBiL4MP2Bja+l1qqjvlhBwvlcvl5Mpn0x2IxDHQFK+VlugPVchMPTuNifB7vqiWsbRbbso7LO0vmJ8fwa8zlcpMkdI+QFgThBH8LvB3u7LF4xzw/MedY33y1qzDzCpG/HHpMf45sNnuMyKcJjC718yNpUTSY0zdgRvznkrll5/0CZpfQA8IRXj8AAAAASUVORK5CYII=",POklTfru
