Nombre,Administrador
Schinner-Grant,32
"Nikolaus, Dicki and Huels",13
"Powlowski, Russel and Donnelly",5
"Raynor, Mosciski and Feeney",45
"Dicki, Jacobson and Corwin",11
Schulist-Robel,31
Jakubowski-Kiehn,36
"Herzog, Huels and Walker",43
Bradtke-Balistreri,34
Satterfield-Emmerich,34
"Bauch, Rath and Beier",2
"Becker, Hintz and Bahringer",34
"Littel, Purdy and Tromp",25
Ruecker-Larson,45
"Huels, Crist and Wolf",44
Littel and Sons,27
"Conroy, Collins and Little",38
Brown Group,40
Legros Inc,12
Abshire-Dooley,18
Dooley and Sons,44
Jacobs Group,25
Runolfsson LLC,19
"Schmitt, Stiedemann and Feil",13
Bashirian Group,12
Rau LLC,50
Bailey and Sons,40
VonRueden Group,35
DuBuque-Steuber,45
Beier-Nikolaus,39
Dibbert-Feeney,43
Windler-Shields,13
Brown Group,41
Jast Group,28
Koelpin-Conn,30
"Yost, Hintz and Muller",4
Schaden-Rowe,38
Dietrich-Paucek,47
Eichmann and Sons,41
"Hahn, Reichel and Considine",37
"Cruickshank, Greenfelder and Hettinger",47
"Schinner, Predovic and Willms",1
Windler-Cremin,18
Gleichner Inc,8
Cole-Torphy,2
Ernser Inc,40
Torphy Group,14
Smith-Swift,33
"Upton, Reichert and Rice",11
Huel Group,24
