Usuario,PrimerNombre,Apellido1,Apellido2,FecNac,Nacionalidad,Foto,Clave
bparrett0,Benedetta,Lethardy,Parrett,2002-05-22,Chile,https://google.nl,vkCjCN6k
body1,Brook,Smellie,Ody,1975-08-22,Colombia,http://angelfire.com,0yq9GE3Ss5Dl
nheskins2,Normie,Brimley,Heskins,1981-05-20,Costa Rica,https://slashdot.org,0N4oYL
pausting3,Pattie,Payn,Austing,1985-10-28,Ecuador,https://nasa.gov,K1uk9iBBU2y
jpowlesland4,Jocelin,Duggary,Powlesland,1976-09-11,Ecuador,https://networksolutions.com,PGePspuu
ksculley5,Kayley,Tansill,Sculley,1972-02-07,Ecuador,http://smugmug.com,Mj9pZTCS9w
rfinlaison6,Reggi,Vannini,Finlaison,1980-08-19,Costa Rica,http://domainmarket.com,dLao7xuxFP2l
ebruggen7,Ellyn,Mourge,Bruggen,1973-09-10,Colombia,http://amazon.de,sbeFxaBB5bt
blarvin8,Burnaby,Cartin,Larvin,1983-09-23,Colombia,https://seesaa.net,N7rGCvS
btowersey9,Bryn,Flower,Towersey,1961-05-20,Peru,http://tmall.com,RHiARmc
spoxtona,Sheelagh,Hindge,Poxton,1979-10-25,Chile,http://github.com,eU6mkGh4fHkM
oclethrob,Olag,Preddy,Clethro,1991-02-16,Costa Rica,https://ftc.gov,hksigNT
rgoodyc,Rora,Gerty,Goody,2007-02-24,El Salvador,https://opensource.org,syd36MpM
jcheccuzzid,Jo,Ramalho,Checcuzzi,1969-04-23,Nicaragua,http://smugmug.com,DI3qEHHg
ykenforde,Yoshiko,Gradwell,Kenford,1961-05-20,Chile,http://imgur.com,XW7YGISo
ldiruggerof,Livvie,Jenicke,Di Ruggero,2001-07-01,Peru,https://youtu.be,0lsEm1Ksz
sbehningg,Sharleen,Mattingson,Behning,2003-11-27,Colombia,http://mail.ru,VnZE8e
bdanielsenh,Brose,MacAleese,Danielsen,2000-02-04,Argentina,https://hc360.com,CrOcqfCt6R
habrahamovitzi,Hedwiga,McGrail,Abrahamovitz,1973-05-30,Colombia,http://marketwatch.com,RfUrLyiYUDs
bdefilippij,Billy,Brosini,De Filippi,1984-08-24,Colombia,https://4shared.com,KBOMrrpjkTS
mperchek,Mady,Gowanlock,Perche,1986-03-02,Panama,https://wunderground.com,AchdRoCGs
dbarrettl,Deeanne,Franklyn,Barrett,1989-05-06,Colombia,http://angelfire.com,b0eyPmx1dZF
mbourleym,Meredith,Sneyd,Bourley,1988-11-05,Colombia,https://mysql.com,86yoTK
awortmann,Adolpho,Prescot,Wortman,1996-08-09,El Salvador,https://dyndns.org,d5tB5F5
eliefo,Erny,Bridat,Lief,2004-08-13,Nicaragua,http://google.nl,9xeHxWc9g
dmincinip,Dino,Henriksson,Mincini,1962-05-28,Colombia,https://slideshare.net,YBpu7SwO
cleslieq,Cordie,Busfield,Leslie,2003-03-12,Nicaragua,http://timesonline.co.uk,u6XVd5kc3cKm
ltackettr,Lilia,Yoodall,Tackett,1974-03-09,Colombia,http://china.com.cn,CE5Z1UzUCq
jstrangeways,Jojo,Ankrett,Strangeway,1977-02-16,Chile,https://diigo.com,qs1zr29mxkI
pbelfitt,Pietrek,Lee,Belfit,1985-10-11,Costa Rica,http://china.com.cn,iaSs1X9RXf
jmerrgenu,Jerrome,Le Provest,Merrgen,2007-06-11,Colombia,http://sbwire.com,R9tQ7J7vZY6
nturnellv,Nerti,Hitcham,Turnell,1975-09-25,Peru,http://icio.us,nWHTT8yriif
ltrappw,Leona,Meus,Trapp,2000-06-06,Ecuador,https://tripadvisor.com,r5r34l3a0
vrydzynskix,Vonni,Roskams,Rydzynski,2001-02-01,Ecuador,https://hc360.com,y26K1Glei
akillgusy,Ashli,Scintsbury,Killgus,1982-03-16,Ecuador,http://cbslocal.com,p80EWcfuJz
nvaunz,Nikkie,Durdle,Vaun,1979-11-17,Chile,http://ebay.co.uk,peZ0dg
ohatterslay10,Onofredo,Tolomio,Hatterslay,1969-02-13,Chile,http://irs.gov,8onLxxWRXd
ntunnicliffe11,Nicolette,Harrowsmith,Tunnicliffe,1979-02-05,Panama,http://flickr.com,zzappE
nbywater12,Netta,Ivashnyov,Bywater,2006-07-21,Nicaragua,https://google.it,MUfjR3w
tramsby13,Turner,Spilsted,Ramsby,1985-02-03,Ecuador,http://nature.com,V55H4o09Cf
cjakoubec14,Constantine,Jeffree,Jakoubec,1970-06-18,Panama,https://cnbc.com,NdtdGZfi
jdefries15,Josias,Anthoney,De Fries,1983-07-11,Chile,https://qq.com,hSLwrCzou
odecruze16,Oralee,Persitt,De Cruze,1965-10-10,Nicaragua,http://theatlantic.com,5r3OHpJukqsc
caxe17,Celinka,Spurdle,Axe,1997-08-30,Ecuador,http://unicef.org,GZqXGfG
bpancast18,Bonita,Stent,Pancast,2007-06-24,Argentina,http://furl.net,JgwOXz12Z0Fm
vscanlan19,Victor,Lumm,Scanlan,1991-12-01,Ecuador,https://google.cn,u95GGqNkkw
dveracruysse1a,Darsey,Barents,Veracruysse,1990-04-06,Argentina,https://samsung.com,UUXwlgZSRI4I
reagers1b,Rozina,Barwis,Eagers,1977-06-17,Panama,http://is.gd,ISpIOe4eQmgM
lcarrack1c,Lydon,Sargeant,Carrack,2006-08-28,Chile,https://biglobe.ne.jp,i493BD
dsay1d,Dian,Lewsy,Say,1970-12-11,El Salvador,https://sbwire.com,3DTj17qzQ2F
