Nombre,Representante,NumRepresentante,Logo
Eamia,Killian Knee,83491525,https://elegantthemes.com
Photospace,Bathsheba Hayselden,25360293,http://t-online.de
Zoovu,Nan Eberdt,80503514,http://nytimes.com
Oloo,Graham Singers,19051170,http://seattletimes.com
Dabvine,Kimble Brooksbank,42605092,https://nasa.gov
Gabcube,Kizzie Shuker,62271593,https://washingtonpost.com
Oodoo,Dickie McKleod,69638449,http://bluehost.com
Brainverse,Hadleigh Wint,73870950,https://tamu.edu
Babblestorm,Launce Stott,81345524,http://slideshare.net
Zoovu,Gard Chaulk,24991004,http://usatoday.com
Wordify,Damiano Crab,79537933,https://theatlantic.com
Shuffledrive,Reggis Boffey,25118376,https://indiegogo.com
Browsezoom,Selina Hymor,67150010,https://posterous.com
Realbridge,Karin Anthoin,32405400,https://latimes.com
Linkbridge,Jenifer McGifford,79500039,https://mit.edu
Skidoo,Cornelle Dunkley,53467703,http://blog.com
Thoughtstorm,Richy Duckinfield,14892604,http://ft.com
Devpulse,Briney Perkin,34418811,http://nymag.com
Yotz,Kissie Coste,72050727,https://miibeian.gov.cn
Flashset,Skipton Yurikov,23305515,https://is.gd
Divavu,Carlo Tall,87931623,https://bloglovin.com
Mydo,Andeee Bridle,47833383,https://newyorker.com
Eamia,Madelena Handmore,31013651,https://fc2.com
Youopia,Anstice Jans,13757782,https://ezinearticles.com
Gigazoom,Marthena Chalfain,42855750,https://si.edu
Eayo,Mehetabel Letten,79041847,http://marriott.com
Nlounge,Avigdor Borleace,64249720,https://examiner.com
Cogilith,Ado Bavin,61936847,http://howstuffworks.com
Roodel,Misty Hrus,45818337,https://bluehost.com
Wordpedia,Michelina Ballintime,14037474,https://hp.com
Yoveo,Patrizia Dowthwaite,45129759,http://chicagotribune.com
Feedbug,Duky Lain,70462915,https://usa.gov
Jabbertype,Janka Gaffer,82598463,http://unesco.org
Rhycero,Amanda Yurukhin,86734024,https://slashdot.org
Cogibox,Clea Pawelski,64648341,http://topsy.com
Skidoo,Roosevelt Bowlesworth,87660113,http://miibeian.gov.cn
Brightdog,Jasmin Ivankov,54360108,http://gmpg.org
Camimbo,Kathryne Hawk,79987466,http://goo.gl
Photobean,Jacqui Wallhead,80620403,https://free.fr
Feedbug,Kimble Egleton,12118738,http://globo.com
Muxo,Orelle Medlicott,32332326,http://oakley.com
Kwinu,Feodora Willicott,51884709,https://edublogs.org
Babblestorm,Webb Gwynn,66838367,https://livejournal.com
Wordify,Daveta Killelay,11979321,https://shareasale.com
Mybuzz,Gale Ronci,37627383,https://hud.gov
Shufflebeat,Bron Murrhaupt,73821225,http://etsy.com
Thoughtsphere,Emelina Dumke,70770656,http://youtube.com
Browsebug,Yorgo Creffeild,29277261,https://blogspot.com
Zooveo,Kin Tzar,48450971,https://creativecommons.org
Zoombox,Charity Gligori,89984421,https://earthlink.net
